year,round,pick,pick_is_high,pred_margin,spread_high,actual_margin,edge_pts,covered,push,price,method
2013,R64,James Madison,False,17.93,-21.5,21.0,3.57,True,False,-110,pit
2013,R64,UNLV,True,6.2,-3.5,-3.0,2.7,False,False,-110,pit
2013,R64,Syracuse,True,18.17,-13.0,47.0,5.17,True,False,-110,pit
2013,R64,Butler,True,7.51,-3.0,12.0,4.51,True,False,-110,pit
2013,R64,Marquette,True,10.88,-3.0,1.0,7.88,False,False,-110,pit
2013,R64,Illinois,True,6.01,-1.0,8.0,5.01,True,False,-110,pit
2013,R64,Miami FL,True,15.8,-14.0,29.0,1.8,True,False,-110,pit
2013,R32,Indiana,True,13.4,-12.5,6.0,0.9,False,False,-110,pit
2013,R32,Syracuse,True,12.44,-8.0,6.0,4.44,False,False,-110,pit
2013,R32,Marquette,True,7.14,-1.5,2.0,5.64,True,False,-110,pit
2013,R32,Illinois,False,5.66,-7.5,4.0,1.84,True,False,-110,pit
2013,S16,Syracuse,False,-4.7,-5.0,-11.0,9.7,True,False,-110,pit
2013,S16,Marquette,False,3.75,-5.5,-10.0,1.75,True,False,-110,pit
2013,E8,Syracuse,False,-7.17,4.5,-16.0,2.67,True,False,-110,pit
2013,R64,Kansas,True,23.61,-20.5,7.0,3.11,False,False,-110,pit
2013,R64,Villanova,False,3.36,-5.0,7.0,1.64,False,False,-110,pit
2013,R64,VCU,True,13.09,-7.0,46.0,6.09,True,False,-110,pit
2013,R64,South Dakota St.,False,10.93,-12.0,15.0,1.07,False,False,-110,pit
2013,R64,UCLA,True,0.83,3.5,-20.0,4.33,False,False,-110,pit
2013,R64,Northwestern St.,False,17.81,-20.0,32.0,2.19,False,False,-110,pit
2013,R64,Oklahoma,False,-1.22,-2.5,15.0,3.72,False,False,-110,pit
2013,R64,Florida Gulf Coast,False,4.35,-13.5,-10.0,9.15,True,False,-110,pit
2013,R32,Kansas,True,8.38,-6.5,12.0,1.88,True,False,-110,pit
2013,R32,Michigan,True,8.39,-3.5,25.0,4.89,True,False,-110,pit
2013,R32,Florida,True,8.65,-7.5,14.0,1.15,True,False,-110,pit
2013,R32,Florida Gulf Coast,False,-5.52,-7.5,-10.0,13.02,True,False,-110,pit
2013,S16,Michigan,False,1.39,-1.5,-2.0,0.11,True,False,-110,pit
2013,S16,Florida Gulf Coast,False,12.5,-14.5,12.0,2.0,True,False,-110,pit
2013,E8,Michigan,False,2.35,-3.5,-20.0,1.15,True,False,-110,pit
2013,R64,Gonzaga,True,23.41,-22.5,6.0,0.91,False,False,-110,pit
2013,R64,Wichita St.,False,-6.17,-4.5,-18.0,10.67,True,False,-110,pit
2013,R64,Mississippi,False,0.25,-6.5,-11.0,6.25,True,False,-110,pit
2013,R64,La Salle,False,2.74,-6.0,-2.0,3.26,True,False,-110,pit
2013,R64,Arizona,True,9.75,-4.5,17.0,5.25,True,False,-110,pit
2013,R64,New Mexico,True,13.27,-10.5,-6.0,2.77,False,False,-110,pit
2013,R64,Notre Dame,True,4.01,1.0,-18.0,5.01,False,False,-110,pit
2013,R64,Iona,False,10.18,-15.0,25.0,4.82,False,False,-110,pit
2013,R32,Wichita St.,False,-5.23,-7.0,-6.0,12.23,True,False,-110,pit
2013,R32,La Salle,False,-1.04,-3.5,-2.0,4.54,True,False,-110,pit
2013,R32,Arizona,True,11.76,-10.5,23.0,1.26,True,False,-110,pit
2013,R32,Ohio St.,True,10.91,-7.5,3.0,3.41,False,False,-110,pit
2013,S16,Wichita St.,True,7.45,-4.5,14.0,2.95,True,False,-110,pit
2013,S16,Ohio St.,True,9.16,-3.5,3.0,5.66,False,False,-110,pit
2013,E8,Wichita St.,False,-3.53,-5.0,-4.0,8.53,True,False,-110,pit
2013,R64,North Carolina A&T,False,24.84,-26.5,31.0,1.66,False,False,-110,pit
2013,R64,Missouri,False,-3.32,3.0,12.0,0.32,False,False,-110,pit
2013,R64,Oregon,False,-7.45,-2.0,-13.0,9.45,True,False,-110,pit
2013,R64,New Mexico St.,False,4.28,-9.0,20.0,4.72,False,False,-110,pit
2013,R64,Memphis,True,2.91,-1.0,2.0,1.91,True,False,-110,pit
2013,R64,Valparaiso,False,9.4,-9.5,11.0,0.1,False,False,-110,pit
2013,R64,Creighton,True,5.49,-3.0,4.0,2.49,True,False,-110,pit
2013,R64,Albany,False,8.82,-20.5,12.0,11.68,True,False,-110,pit
2013,R32,Louisville,True,17.31,-10.5,26.0,6.81,True,False,-110,pit
2013,R32,Oregon,False,0.78,-4.5,-17.0,3.72,True,False,-110,pit
2013,R32,Memphis,False,0.97,-5.5,22.0,4.53,False,False,-110,pit
2013,R32,Creighton,False,2.53,-6.0,16.0,3.47,False,False,-110,pit
2013,S16,Louisville,True,10.79,-10.5,8.0,0.29,False,False,-110,pit
2013,S16,Michigan St.,False,1.99,-2.0,10.0,0.01,False,False,-110,pit
2013,E8,Louisville,True,14.46,-3.5,22.0,10.96,True,False,-110,pit
2013,F4,Louisville,True,10.26,-4.0,6.0,6.26,True,False,-110,pit
2014,R64,Wichita St.,True,19.66,-17.0,27.0,2.66,True,False,-110,pit
2014,R64,Kentucky,True,6.49,-6.0,7.0,0.49,True,False,-110,pit
2014,R64,Manhattan,False,15.64,-16.5,7.0,0.86,True,False,-110,pit
2014,R64,Tennessee,False,-8.94,6.0,-19.0,2.94,True,False,-110,pit
2014,R64,Mercer,False,12.79,-13.0,-7.0,0.21,True,False,-110,pit
2014,R64,Texas,True,8.65,-2.5,2.0,6.15,False,False,-110,pit
2014,R64,Michigan,True,20.9,-15.0,17.0,5.9,True,False,-110,pit
2014,R32,Kentucky,False,2.72,-4.5,-2.0,1.78,True,False,-110,pit
2014,R32,Saint Louis,False,6.33,-10.0,15.0,3.67,False,False,-110,pit
2014,R32,Tennessee,True,9.93,-8.5,20.0,1.43,True,False,-110,pit
2014,R32,Michigan,True,8.82,-5.5,14.0,3.32,True,False,-110,pit
2014,S16,Louisville,True,5.93,-4.0,-5.0,1.93,False,False,-110,pit
2014,S16,Michigan,True,5.4,-2.0,2.0,3.4,False,True,-110,pit
2014,E8,Michigan,True,-1.35,2.5,-3.0,1.15,False,False,-110,pit
2014,R64,Arizona,True,23.45,-20.0,9.0,3.45,False,False,-110,pit
2014,R64,Gonzaga,True,3.17,4.0,8.0,7.17,True,False,-110,pit
2014,R64,Oklahoma,True,11.48,-3.5,-5.0,7.98,False,False,-110,pit
2014,R64,New Mexico St.,False,4.13,-8.0,2.0,3.87,True,False,-110,pit
2014,R64,Baylor,True,9.18,-3.5,14.0,5.68,True,False,-110,pit
2014,R64,Oregon,True,11.56,-5.0,19.0,6.56,True,False,-110,pit
2014,R64,Wisconsin,True,14.64,-14.0,40.0,0.64,True,False,-110,pit
2014,R32,Arizona,True,8.18,-7.5,23.0,0.68,True,False,-110,pit
2014,R32,San Diego St.,True,9.75,-4.0,19.0,5.75,True,False,-110,pit
2014,R32,Baylor,False,0.07,-4.0,-30.0,3.93,True,False,-110,pit
2014,R32,Wisconsin,True,7.97,-6.0,8.0,1.97,True,False,-110,pit
2014,S16,Arizona,True,11.44,-7.5,6.0,3.94,False,False,-110,pit
2014,S16,Wisconsin,True,6.72,-4.0,17.0,2.72,True,False,-110,pit
2014,E8,Wisconsin,False,-0.28,-3.5,-1.0,3.78,True,False,-110,pit
2014,R64,Virginia,True,21.46,-19.0,11.0,2.46,False,False,-110,pit
2014,R64,George Washington,False,1.13,-3.5,5.0,2.37,False,False,-110,pit
2014,R64,Cincinnati,True,4.98,-3.0,-4.0,1.98,False,False,-110,pit
2014,R64,Delaware,False,13.01,-14.5,15.0,1.49,False,False,-110,pit
2014,R64,North Carolina,True,5.77,-4.0,2.0,1.77,False,False,-110,pit
2014,R64,Iowa St.,True,16.64,-8.5,18.0,8.14,True,False,-110,pit
2014,R64,Connecticut,True,9.83,-4.5,8.0,5.33,True,False,-110,pit
2014,R64,Villanova,True,18.59,-16.5,20.0,2.09,True,False,-110,pit
2014,R32,Virginia,True,8.67,-7.0,18.0,1.67,True,False,-110,pit
2014,R32,Michigan St.,True,16.28,-8.5,7.0,7.78,False,False,-110,pit
2014,R32,Iowa St.,True,2.95,-1.0,2.0,1.95,True,False,-110,pit
2014,R32,Connecticut,False,-4.74,-4.5,-12.0,9.24,True,False,-110,pit
2014,S16,Virginia,True,1.2,2.5,-2.0,3.7,True,False,-110,pit
2014,S16,Connecticut,False,-3.48,-0.0,-5.0,3.48,True,False,-110,pit
2014,E8,Connecticut,False,-1.17,-5.0,-6.0,6.17,True,False,-110,pit
2014,R64,Florida,True,22.94,-22.0,12.0,0.94,False,False,-110,pit
2014,R64,Colorado,True,-5.02,6.0,-29.0,0.98,False,False,-110,pit
2014,R64,Stephen F. Austin,False,2.24,-6.0,-2.0,3.76,True,False,-110,pit
2014,R64,UCLA,True,8.48,-8.0,17.0,0.48,True,False,-110,pit
2014,R64,Dayton,False,-3.13,-6.0,-1.0,9.13,True,False,-110,pit
2014,R64,Western Michigan,False,9.26,-13.0,24.0,3.74,False,False,-110,pit
2014,R64,Stanford,False,0.62,-4.5,-5.0,3.88,True,False,-110,pit
2014,R64,Kansas,True,15.91,-13.0,11.0,2.91,False,False,-110,pit
2014,R32,Florida,True,8.44,-5.5,16.0,2.94,True,False,-110,pit
2014,R32,Stephen F. Austin,False,6.09,-9.5,17.0,3.41,False,False,-110,pit
2014,R32,Dayton,False,1.69,-8.5,-2.0,6.81,True,False,-110,pit
2014,R32,Stanford,False,2.58,-6.5,-3.0,3.92,True,False,-110,pit
2014,S16,Florida,True,8.34,-4.5,11.0,3.84,True,False,-110,pit
2014,S16,Dayton,False,-1.06,-3.0,-10.0,4.06,True,False,-110,pit
2014,E8,Dayton,False,9.65,-10.0,10.0,0.35,False,True,-110,pit
2014,F4,Connecticut,True,1.4,2.5,6.0,3.9,True,False,-110,pit
2015,R64,Robert Morris,False,17.45,-22.5,29.0,5.05,False,False,-110,pit
2015,R64,St. John's,False,1.24,-4.5,12.0,3.26,False,False,-110,pit
2015,R64,Utah,True,12.52,-6.5,7.0,6.02,True,False,-110,pit
2015,R64,Georgetown,True,12.68,-8.5,10.0,4.18,True,False,-110,pit
2015,R64,UCLA,False,-2.04,-4.0,-1.0,6.04,True,False,-110,pit
2015,R64,Iowa St.,True,15.68,-14.0,-1.0,1.68,False,False,-110,pit
2015,R64,Iowa,True,7.19,-2.5,31.0,4.69,True,False,-110,pit
2015,R64,Gonzaga,True,17.45,-17.0,10.0,0.45,False,False,-110,pit
2015,R32,Duke,True,9.04,-9.0,19.0,0.04,True,False,-110,pit
2015,R32,Georgetown,True,-3.67,4.5,-11.0,0.83,False,False,-110,pit
2015,R32,UAB,False,5.39,-5.5,17.0,0.11,False,False,-110,pit
2015,R32,Gonzaga,True,7.56,-6.0,19.0,1.56,True,False,-110,pit
2015,S16,Duke,True,14.26,-4.5,6.0,9.76,True,False,-110,pit
2015,S16,UCLA,False,4.54,-8.5,12.0,3.96,False,False,-110,pit
2015,E8,Duke,True,8.95,-2.0,14.0,6.95,True,False,-110,pit
2015,R64,Villanova,True,23.42,-22.0,41.0,1.42,True,False,-110,pit
2015,R64,Northern Iowa,True,10.29,-6.5,17.0,3.79,True,False,-110,pit
2015,R64,Louisville,True,13.75,-8.5,2.0,5.25,False,False,-110,pit
2015,R64,Dayton,False,2.44,-3.0,-13.0,0.56,True,False,-110,pit
2015,R64,Albany,False,11.15,-13.0,9.0,1.85,True,False,-110,pit
2015,R64,Michigan St.,True,14.35,-6.0,7.0,8.35,True,False,-110,pit
2015,R64,Belmont,False,15.74,-16.5,12.0,0.76,True,False,-110,pit
2015,R32,Louisville,True,0.99,2.5,13.0,3.49,True,False,-110,pit
2015,R32,Dayton,False,1.25,-4.0,6.0,2.75,False,False,-110,pit
2015,R32,Michigan St.,False,-4.47,-4.5,-6.0,8.97,True,False,-110,pit
2015,S16,Michigan St.,False,-3.05,1.0,-4.0,2.05,True,False,-110,pit
2015,E8,Michigan St.,False,-5.35,2.0,-6.0,3.35,True,False,-110,pit
2015,R64,Coastal Carolina,False,19.9,-20.0,14.0,0.1,True,False,-110,pit
2015,R64,Oregon,True,2.72,-0.0,6.0,2.72,True,False,-110,pit
2015,R64,Arkansas,True,10.87,-7.0,3.0,3.87,False,False,-110,pit
2015,R64,North Carolina,True,19.6,-10.0,2.0,9.6,False,False,-110,pit
2015,R64,Xavier,True,7.75,-2.0,19.0,5.75,True,False,-110,pit
2015,R64,Georgia St.,False,0.17,-9.5,-1.0,9.33,True,False,-110,pit
2015,R64,Ohio St.,False,-5.2,3.5,-3.0,1.7,False,False,-110,pit
2015,R64,Arizona,True,24.82,-23.5,21.0,1.32,False,False,-110,pit
2015,R32,Wisconsin,True,16.25,-12.5,7.0,3.75,False,False,-110,pit
2015,R32,North Carolina,True,8.15,-5.0,9.0,3.15,True,False,-110,pit
2015,R32,Xavier,True,10.49,-6.0,8.0,4.49,True,False,-110,pit
2015,R32,Arizona,True,10.69,-10.0,15.0,0.69,True,False,-110,pit
2015,S16,North Carolina,False,4.5,-6.0,7.0,1.5,False,False,-110,pit
2015,S16,Xavier,False,8.71,-11.5,8.0,2.79,True,False,-110,pit
2015,E8,Wisconsin,True,7.21,1.5,7.0,8.71,True,False,-110,pit
2015,R64,Hampton,False,29.76,-35.0,23.0,5.24,True,False,-110,pit
2015,R64,Purdue,False,-5.49,-2.0,1.0,7.49,True,False,-110,pit
2015,R64,West Virginia,True,7.16,-4.5,6.0,2.66,True,False,-110,pit
2015,R64,Maryland,True,11.18,-5.0,3.0,6.18,False,False,-110,pit
2015,R64,Butler,True,2.54,2.5,8.0,5.04,True,False,-110,pit
2015,R64,Notre Dame,True,19.71,-12.0,4.0,7.71,False,False,-110,pit
2015,R64,Wichita St.,True,8.23,-6.5,5.0,1.73,False,False,-110,pit
2015,R64,Kansas,True,16.37,-9.5,19.0,6.87,True,False,-110,pit
2015,R32,Cincinnati,False,15.27,-15.5,13.0,0.23,True,False,-110,pit
2015,R32,West Virginia,False,-5.28,1.5,-10.0,3.78,True,False,-110,pit
2015,R32,Notre Dame,True,8.61,-4.5,3.0,4.11,False,False,-110,pit
2015,R32,Kansas,True,7.88,0.0,-13.0,7.88,False,False,-110,pit
2015,S16,West Virginia,False,5.73,-12.5,39.0,6.77,False,False,-110,pit
2015,S16,Notre Dame,True,15.13,2.0,11.0,17.13,True,False,-110,pit
2015,E8,Notre Dame,False,5.19,-11.0,2.0,5.81,True,False,-110,pit
2015,F4,Wisconsin,False,-4.67,1.0,5.0,3.67,False,False,-110,pit
2016,R64,Virginia,True,27.42,-23.0,36.0,4.42,True,False,-110,pit
2016,R64,Texas Tech,True,-1.24,3.5,-10.0,2.26,False,False,-110,pit
2016,R64,Iowa St.,True,7.72,-6.5,13.0,1.22,True,False,-110,pit
2016,R64,Seton Hall,True,-0.5,2.0,-16.0,1.5,False,False,-110,pit
2016,R64,Fresno St.,False,5.95,-8.5,11.0,2.55,False,False,-110,pit
2016,R64,Dayton,True,-0.95,1.0,-19.0,0.05,False,False,-110,pit
2016,R64,Michigan St.,True,16.54,-16.5,-9.0,0.04,False,False,-110,pit
2016,R32,Virginia,True,9.89,-8.5,8.0,1.39,False,False,-110,pit
2016,R32,Utah,True,1.42,1.0,-23.0,2.42,False,False,-110,pit
2016,R32,Syracuse,True,10.86,-6.0,25.0,4.86,True,False,-110,pit
2016,S16,Virginia,True,8.51,-6.5,13.0,2.01,True,False,-110,pit
2016,S16,Syracuse,True,3.17,4.0,3.0,7.17,True,False,-110,pit
2016,E8,Virginia,True,9.49,-8.0,-6.0,1.49,False,False,-110,pit
2016,R64,Florida Gulf Coast,False,18.62,-23.5,16.0,4.88,True,False,-110,pit
2016,R64,USC,True,-0.75,2.5,-1.0,1.75,True,False,-110,pit
2016,R64,Indiana,True,10.7,-10.5,25.0,0.2,True,False,-110,pit
2016,R64,Stony Brook,False,9.99,-13.5,28.0,3.51,False,False,-110,pit
2016,R64,Notre Dame,True,3.94,-3.0,7.0,0.94,True,False,-110,pit
2016,R64,West Virginia,True,12.36,-7.0,-14.0,5.36,False,False,-110,pit
2016,R64,Wisconsin,True,3.41,1.0,4.0,4.41,True,False,-110,pit
2016,R64,Weber St.,False,10.8,-13.5,18.0,2.7,False,False,-110,pit
2016,R32,Providence,False,11.42,-11.5,19.0,0.08,False,False,-110,pit
2016,R32,Kentucky,True,5.28,-4.0,-6.0,1.28,False,False,-110,pit
2016,R32,Notre Dame,True,3.85,-1.5,1.0,2.35,False,False,-110,pit
2016,R32,Wisconsin,False,3.14,-4.5,-3.0,1.36,True,False,-110,pit
2016,S16,North Carolina,True,8.42,-5.0,15.0,3.42,True,False,-110,pit
2016,S16,Notre Dame,True,4.75,-1.0,5.0,3.75,True,False,-110,pit
2016,E8,North Carolina,True,11.68,-9.5,14.0,2.18,True,False,-110,pit
2016,R64,Oregon,True,23.34,-23.0,39.0,0.34,True,False,-110,pit
2016,R64,Saint Joseph's,True,4.34,3.5,2.0,7.84,True,False,-110,pit
2016,R64,Baylor,True,7.82,-5.5,-4.0,2.32,False,False,-110,pit
2016,R64,Duke,True,10.4,-9.5,8.0,0.9,False,False,-110,pit
2016,R64,Northern Iowa,False,1.23,-3.0,-3.0,1.77,True,False,-110,pit
2016,R64,Texas A&M,True,14.33,-13.0,27.0,1.33,True,False,-110,pit
2016,R64,VCU,False,-6.32,4.0,-8.0,2.32,True,False,-110,pit
2016,R64,Cal St. Bakersfield,False,14.92,-15.0,14.0,0.08,True,False,-110,pit
2016,R32,Oregon,True,7.45,-7.0,5.0,0.45,False,False,-110,pit
2016,R32,Duke,True,8.2,-6.0,7.0,2.2,True,False,-110,pit
2016,R32,Texas A&M,True,10.5,-7.0,4.0,3.5,False,False,-110,pit
2016,R32,VCU,False,4.58,-6.0,4.0,1.42,True,False,-110,pit
2016,S16,Duke,False,0.86,-3.5,14.0,2.64,False,False,-110,pit
2016,S16,Oklahoma,True,5.22,-2.5,14.0,2.72,True,False,-110,pit
2016,E8,Oklahoma,False,-3.64,-1.0,-12.0,4.64,True,False,-110,pit
2016,R64,Kansas,True,28.46,-24.5,26.0,3.96,True,False,-110,pit
2016,R64,Connecticut,False,-4.68,3.5,-7.0,1.18,True,False,-110,pit
2016,R64,Maryland,True,9.71,-9.0,5.0,0.71,False,False,-110,pit
2016,R64,California,True,6.32,-6.0,-11.0,0.32,False,False,-110,pit
2016,R64,Arizona,True,5.14,0.0,-10.0,5.14,False,False,-110,pit
2016,R64,Miami FL,True,16.09,-14.0,7.0,2.09,False,False,-110,pit
2016,R64,Temple,False,4.14,-7.0,2.0,2.86,True,False,-110,pit
2016,R64,Villanova,True,18.59,-17.5,30.0,1.09,True,False,-110,pit
2016,R32,Kansas,True,12.63,-7.5,12.0,5.13,True,False,-110,pit
2016,R32,Hawaii,False,6.17,-7.5,13.0,1.33,False,False,-110,pit
2016,R32,Miami FL,True,3.58,1.5,8.0,5.08,True,False,-110,pit
2016,R32,Villanova,True,10.36,-6.0,19.0,4.36,True,False,-110,pit
2016,S16,Kansas,True,9.45,-5.5,16.0,3.95,True,False,-110,pit
2016,S16,Villanova,True,7.5,-4.0,23.0,3.5,True,False,-110,pit
2016,E8,Villanova,False,-0.96,-2.0,-5.0,2.96,True,False,-110,pit
2016,F4,Villanova,False,1.36,-2.0,-3.0,0.64,True,False,-110,pit
2017,R64,Texas Southern,False,19.42,-26.5,39.0,7.08,False,False,-110,pit
2017,R64,Arkansas,True,0.67,1.0,6.0,1.67,True,False,-110,pit
2017,R64,Minnesota,True,1.7,1.5,-9.0,3.2,False,False,-110,pit
2017,R64,Winthrop,False,9.04,-10.5,12.0,1.46,False,False,-110,pit
2017,R64,Cincinnati,True,8.81,-3.0,14.0,5.81,True,False,-110,pit
2017,R64,Kent St.,False,10.72,-19.5,17.0,8.78,True,False,-110,pit
2017,R64,Dayton,True,-4.57,6.5,-6.0,1.93,True,False,-110,pit
2017,R64,Northern Kentucky,False,16.98,-20.0,9.0,3.02,True,False,-110,pit
2017,R32,Arkansas,False,8.11,-11.5,7.0,3.39,True,False,-110,pit
2017,R32,Butler,True,4.51,-2.5,9.0,2.01,True,False,-110,pit
2017,R32,Cincinnati,False,-0.03,-4.0,12.0,4.03,False,False,-110,pit
2017,R32,Wichita St.,False,2.95,-3.5,3.0,0.55,True,False,-110,pit
2017,S16,North Carolina,True,7.36,-7.0,12.0,0.36,True,False,-110,pit
2017,S16,Kentucky,True,4.67,1.5,11.0,6.17,True,False,-110,pit
2017,E8,North Carolina,True,6.36,-2.0,2.0,4.36,False,True,-110,pit
2017,R64,UC Davis,False,16.67,-23.0,38.0,6.33,False,False,-110,pit
2017,R64,Michigan St.,False,-0.86,-2.0,-20.0,2.86,True,False,-110,pit
2017,R64,Nevada,False,5.1,-6.0,11.0,0.9,False,False,-110,pit
2017,R64,Vermont,False,6.28,-9.0,10.0,2.72,False,False,-110,pit
2017,R64,Creighton,True,0.89,2.0,-12.0,2.89,False,False,-110,pit
2017,R64,Iona,False,15.26,-15.5,16.0,0.24,False,False,-110,pit
2017,R64,Michigan,True,8.76,-2.5,1.0,6.26,False,False,-110,pit
2017,R64,Jacksonville St.,False,14.83,-18.5,15.0,3.67,True,False,-110,pit
2017,R32,Michigan St.,False,5.15,-8.0,20.0,2.85,False,False,-110,pit
2017,R32,Purdue,True,3.9,-1.0,4.0,2.9,True,False,-110,pit
2017,R32,Oregon,True,9.02,-5.0,3.0,4.02,False,False,-110,pit
2017,R32,Michigan,False,-1.09,-3.0,-4.0,4.09,True,False,-110,pit
2017,S16,Kansas,True,5.85,-5.5,32.0,0.35,True,False,-110,pit
2017,S16,Oregon,True,2.7,0.0,1.0,2.7,True,False,-110,pit
2017,E8,Oregon,False,-5.15,-6.5,-14.0,11.65,True,False,-110,pit
2017,R64,South Dakota St.,False,22.45,-23.0,20.0,0.55,True,False,-110,pit
2017,R64,Vanderbilt,False,-4.32,2.0,2.0,2.32,False,False,-110,pit
2017,R64,Notre Dame,True,12.98,-6.0,2.0,6.98,False,False,-110,pit
2017,R64,Bucknell,False,6.5,-13.0,6.0,6.5,True,False,-110,pit
2017,R64,Xavier,False,-3.65,-2.0,-11.0,5.65,True,False,-110,pit
2017,R64,Florida Gulf Coast,False,8.94,-11.0,6.0,2.06,True,False,-110,pit
2017,R64,Saint Mary's,True,6.98,-4.0,8.0,2.98,True,False,-110,pit
2017,R64,North Dakota,False,12.14,-18.5,18.0,6.36,True,False,-110,pit
2017,R32,Gonzaga,True,10.55,-10.5,6.0,0.05,False,False,-110,pit
2017,R32,West Virginia,True,3.43,-2.5,12.0,0.93,True,False,-110,pit
2017,R32,Xavier,False,-1.81,-7.5,-25.0,9.31,True,False,-110,pit
2017,R32,Saint Mary's,False,2.37,-5.5,9.0,3.13,False,False,-110,pit
2017,S16,Gonzaga,True,8.95,-3.0,3.0,5.95,False,True,-110,pit
2017,S16,Arizona,True,7.89,-7.5,-2.0,0.39,False,False,-110,pit
2017,E8,Gonzaga,True,10.61,-8.5,24.0,2.11,True,False,-110,pit
2017,R64,Mount St. Mary's,False,21.46,-25.0,20.0,3.54,True,False,-110,pit
2017,R64,Wisconsin,True,9.11,-6.0,10.0,3.11,True,False,-110,pit
2017,R64,Virginia,True,8.21,-7.5,5.0,0.71,False,False,-110,pit
2017,R64,East Tennessee St.,False,9.2,-9.5,15.0,0.3,False,False,-110,pit
2017,R64,USC,False,2.62,-7.5,-1.0,4.88,True,False,-110,pit
2017,R64,New Mexico St.,False,7.24,-11.5,18.0,4.26,False,False,-110,pit
2017,R64,South Carolina,True,3.38,1.0,20.0,4.38,True,False,-110,pit
2017,R64,Troy,False,15.25,-19.5,22.0,4.25,False,False,-110,pit
2017,R32,Wisconsin,False,2.96,-5.5,-3.0,2.54,True,False,-110,pit
2017,R32,Virginia,False,1.04,-1.5,26.0,0.46,False,False,-110,pit
2017,R32,USC,False,3.9,-5.0,4.0,1.1,True,False,-110,pit
2017,R32,South Carolina,False,6.42,-6.5,-7.0,0.08,True,False,-110,pit
2017,S16,Wisconsin,False,-2.28,-1.0,1.0,3.28,False,True,-110,pit
2017,S16,South Carolina,False,1.18,-3.0,-20.0,1.82,True,False,-110,pit
2017,E8,South Carolina,False,2.8,-3.0,-7.0,0.2,True,False,-110,pit
2017,F4,Gonzaga,False,-0.22,-1.5,6.0,1.72,False,False,-110,pit
2018,R64,Kansas,True,14.04,-13.5,16.0,0.54,True,False,-110,pit
2018,R64,Clemson,True,4.61,-3.5,11.0,1.11,True,False,-110,pit
2018,R64,Syracuse,False,-3.74,-4.5,-5.0,8.24,True,False,-110,pit
2018,R64,Bucknell,False,9.31,-14.5,4.0,5.19,True,False,-110,pit
2018,R64,Rhode Island,True,2.7,-1.5,5.0,1.2,True,False,-110,pit
2018,R64,Iona,False,18.7,-21.0,22.0,2.3,False,False,-110,pit
2018,R32,Kansas,True,8.95,-4.5,4.0,4.45,False,False,-110,pit
2018,R32,Auburn,True,1.76,-1.5,-31.0,0.26,False,False,-110,pit
2018,R32,Syracuse,False,1.99,-10.0,-2.0,8.01,True,False,-110,pit
2018,R32,Rhode Island,False,8.96,-9.5,25.0,0.54,False,False,-110,pit
2018,S16,Kansas,True,7.72,-5.0,4.0,2.72,False,False,-110,pit
2018,S16,Syracuse,False,8.27,-11.0,4.0,2.73,True,False,-110,pit
2018,E8,Kansas,True,0.25,3.5,4.0,3.75,True,False,-110,pit
2018,R64,Radford,False,18.82,-22.5,26.0,3.68,False,False,-110,pit
2018,R64,Alabama,False,-2.58,-2.5,-3.0,5.08,True,False,-110,pit
2018,R64,West Virginia,True,12.47,-10.0,17.0,2.47,True,False,-110,pit
2018,R64,Marshall,False,0.98,-13.5,-6.0,12.52,True,False,-110,pit
2018,R64,Florida,True,7.46,-6.0,15.0,1.46,True,False,-110,pit
2018,R64,Stephen F. Austin,False,10.96,-11.0,10.0,0.04,True,False,-110,pit
2018,R64,Arkansas,True,0.76,2.0,-17.0,2.76,False,False,-110,pit
2018,R64,Cal St. Fullerton,False,18.93,-20.5,26.0,1.57,False,False,-110,pit
2018,R32,Villanova,True,12.88,-11.5,23.0,1.38,True,False,-110,pit
2018,R32,West Virginia,True,14.9,-12.5,23.0,2.4,True,False,-110,pit
2018,R32,Texas Tech,True,3.14,-1.0,3.0,2.14,True,False,-110,pit
2018,R32,Purdue,True,7.53,-4.0,3.0,3.53,False,False,-110,pit
2018,S16,Villanova,True,9.05,-5.5,12.0,3.55,True,False,-110,pit
2018,S16,Purdue,True,2.72,-2.0,-13.0,0.72,False,False,-110,pit
2018,E8,Villanova,True,7.16,-6.5,12.0,0.66,True,False,-110,pit
2018,R64,Xavier,True,23.19,-19.5,19.0,3.69,False,False,-110,pit
2018,R64,Florida St.,False,-2.32,1.0,-13.0,1.32,True,False,-110,pit
2018,R64,South Dakota St.,False,3.3,-8.0,8.0,4.7,False,True,-110,pit
2018,R64,UNC Greensboro,False,8.97,-12.5,4.0,3.53,True,False,-110,pit
2018,R64,Houston,True,8.84,-4.0,2.0,4.84,False,False,-110,pit
2018,R64,Michigan,True,12.6,-10.0,14.0,2.6,True,False,-110,pit
2018,R64,Texas A&M,True,3.36,-2.5,4.0,0.86,True,False,-110,pit
2018,R64,Lipscomb,False,15.75,-22.0,18.0,6.25,True,False,-110,pit
2018,R32,Xavier,True,7.67,-5.5,-5.0,2.17,False,False,-110,pit
2018,R32,Gonzaga,True,7.47,-4.5,6.0,2.97,True,False,-110,pit
2018,R32,Michigan,True,8.82,-4.0,1.0,4.82,False,False,-110,pit
2018,R32,Texas A&M,False,6.4,-7.5,-21.0,1.1,True,False,-110,pit
2018,S16,Gonzaga,True,8.33,-6.0,-15.0,2.33,False,False,-110,pit
2018,S16,Michigan,True,8.29,-2.5,27.0,5.79,True,False,-110,pit
2018,E8,Michigan,True,11.7,-4.5,4.0,7.2,False,False,-110,pit
2018,R64,Virginia,True,21.05,-21.0,-20.0,0.05,False,False,-110,pit
2018,R64,Kansas St.,False,-5.29,-2.5,-10.0,7.79,True,False,-110,pit
2018,R64,Kentucky,True,8.97,-4.5,5.0,4.47,True,False,-110,pit
2018,R64,Buffalo,False,1.94,-9.0,-21.0,7.06,True,False,-110,pit
2018,R64,Loyola Chicago,False,-0.61,-1.5,-2.0,2.11,True,False,-110,pit
2018,R64,Tennessee,True,14.14,-11.5,26.0,2.64,True,False,-110,pit
2018,R64,Nevada,True,4.31,-0.0,4.0,4.31,True,False,-110,pit
2018,R64,Georgia St.,False,11.88,-14.0,15.0,2.12,False,False,-110,pit
2018,R32,Kansas St.,True,17.8,-10.0,7.0,7.8,False,False,-110,pit
2018,R32,Kentucky,True,5.79,-5.5,20.0,0.29,True,False,-110,pit
2018,R32,Loyola Chicago,False,0.4,-5.0,-1.0,4.6,True,False,-110,pit
2018,R32,Nevada,False,-0.55,-8.5,-2.0,9.05,True,False,-110,pit
2018,S16,Kansas St.,False,3.48,-5.5,-3.0,2.02,True,False,-110,pit
2018,S16,Nevada,True,1.65,-1.5,-1.0,0.15,False,False,-110,pit
2018,E8,Kansas St.,True,3.35,-1.5,-16.0,1.85,False,False,-110,pit
2018,Championship,Michigan,False,-2.12,-6.5,17.0,8.62,False,False,-110,pit
2019,R64,Iona,False,20.94,-24.5,15.0,3.56,True,False,-110,pit
2019,R64,Washington,False,-1.03,-3.5,-17.0,4.53,True,False,-110,pit
2019,R64,Auburn,True,7.46,-6.0,1.0,1.46,False,False,-110,pit
2019,R64,Kansas,True,10.01,-6.5,34.0,3.51,True,False,-110,pit
2019,R64,Ohio St.,False,2.98,-5.5,-3.0,2.52,True,False,-110,pit
2019,R64,Houston,True,14.38,-12.5,29.0,1.88,True,False,-110,pit
2019,R64,Wofford,True,8.22,-3.5,16.0,4.72,True,False,-110,pit
2019,R64,Abilene Christian,False,15.11,-20.0,35.0,4.89,False,False,-110,pit
2019,R32,Washington,False,6.67,-11.5,22.0,4.83,False,False,-110,pit
2019,R32,Auburn,False,-6.0,2.5,-14.0,3.5,True,False,-110,pit
2019,R32,Houston,True,6.9,-6.5,15.0,0.4,True,False,-110,pit
2019,R32,Kentucky,True,6.96,-5.5,6.0,1.46,True,False,-110,pit
2019,S16,Auburn,False,-4.36,-5.5,-17.0,9.86,True,False,-110,pit
2019,S16,Kentucky,True,3.74,-2.0,4.0,1.74,True,False,-110,pit
2019,E8,Auburn,False,-4.25,-4.5,-6.0,8.75,True,False,-110,pit
2019,R64,Virginia,True,22.59,-22.5,15.0,0.09,False,False,-110,pit
2019,R64,Oklahoma,False,-3.01,-1.0,-23.0,4.01,True,False,-110,pit
2019,R64,Oregon,False,-2.11,-1.5,-18.0,3.61,True,False,-110,pit
2019,R64,UC Irvine,False,2.94,-4.0,-6.0,1.06,True,False,-110,pit
2019,R64,Villanova,True,4.86,-3.5,4.0,1.36,True,False,-110,pit
2019,R64,Purdue,True,15.12,-12.5,13.0,2.62,True,False,-110,pit
2019,R64,Iowa,False,3.24,-4.5,-7.0,1.26,True,False,-110,pit
2019,R64,Colgate,False,16.62,-17.5,7.0,0.88,True,False,-110,pit
2019,R32,Virginia,True,13.28,-10.5,12.0,2.78,True,False,-110,pit
2019,R32,Oregon,True,5.94,-4.5,19.0,1.44,True,False,-110,pit
2019,R32,Purdue,True,3.64,-3.0,26.0,0.64,True,False,-110,pit
2019,R32,Tennessee,True,8.23,-8.0,6.0,0.23,False,False,-110,pit
2019,S16,Oregon,False,7.62,-8.5,4.0,0.88,True,False,-110,pit
2019,S16,Purdue,False,-1.51,-1.5,-5.0,3.01,True,False,-110,pit
2019,E8,Virginia,True,5.74,-4.5,5.0,1.24,True,False,-110,pit
2019,R64,Fairleigh Dickinson,False,21.66,-28.5,38.0,6.84,False,False,-110,pit
2019,R64,Baylor,False,1.06,-2.5,-9.0,1.44,True,False,-110,pit
2019,R64,Marquette,True,5.98,-3.0,-19.0,2.98,False,False,-110,pit
2019,R64,Florida St.,True,9.53,-8.5,7.0,1.03,False,False,-110,pit
2019,R64,Buffalo,True,6.7,-6.0,17.0,0.7,True,False,-110,pit
2019,R64,Northern Kentucky,False,9.81,-13.5,15.0,3.69,False,False,-110,pit
2019,R64,Florida,False,0.64,-3.0,-9.0,2.36,True,False,-110,pit
2019,R64,Montana,False,12.14,-15.5,19.0,3.36,False,False,-110,pit
2019,R32,Baylor,False,13.37,-14.0,12.0,0.63,True,False,-110,pit
2019,R32,Florida St.,True,7.79,-4.0,28.0,3.79,True,False,-110,pit
2019,R32,Texas Tech,True,7.59,-4.0,20.0,3.59,True,False,-110,pit
2019,R32,Florida,False,5.96,-6.0,15.0,0.04,False,False,-110,pit
2019,S16,Florida St.,False,4.76,-7.5,14.0,2.74,False,False,-110,pit
2019,S16,Texas Tech,False,-1.6,-2.0,-19.0,3.6,True,False,-110,pit
2019,E8,Texas Tech,False,-1.72,-5.0,-6.0,6.72,True,False,-110,pit
2019,R64,North Dakota St.,False,20.31,-27.5,23.0,7.19,True,False,-110,pit
2019,R64,VCU,True,2.21,1.5,-15.0,3.71,False,False,-110,pit
2019,R64,Mississippi St.,True,10.21,-6.5,-4.0,3.71,False,False,-110,pit
2019,R64,Saint Louis,False,9.79,-10.0,14.0,0.21,False,False,-110,pit
2019,R64,Maryland,True,6.63,-3.5,2.0,3.13,False,False,-110,pit
2019,R64,LSU,True,11.97,-7.0,5.0,4.97,False,False,-110,pit
2019,R64,Minnesota,False,-1.28,-5.0,-10.0,6.28,True,False,-110,pit
2019,R64,Michigan St.,True,18.48,-17.5,11.0,0.98,False,False,-110,pit
2019,R32,UCF,False,9.84,-13.0,1.0,3.16,True,False,-110,pit
2019,R32,Liberty,False,8.73,-9.5,9.0,0.77,True,False,-110,pit
2019,R32,LSU,True,4.05,-3.0,2.0,1.05,False,False,-110,pit
2019,R32,Michigan St.,True,12.54,-10.5,20.0,2.04,True,False,-110,pit
2019,S16,Duke,True,7.55,-7.5,2.0,0.05,False,False,-110,pit
2019,S16,Michigan St.,True,8.29,-6.0,17.0,2.29,True,False,-110,pit
2019,E8,Michigan St.,False,-2.69,-2.5,-1.0,5.19,True,False,-110,pit
2019,Championship,Texas Tech,False,0.72,-2.0,8.0,1.28,False,False,-110,pit
2021,R64,Drexel,False,20.95,-22.5,29.0,1.55,False,False,-110,pit
2021,R64,Loyola Chicago,True,5.67,-5.5,11.0,0.17,True,False,-110,pit
2021,R64,Oregon St.,False,3.52,-9.0,-14.0,5.48,True,False,-110,pit
2021,R64,Oklahoma St.,True,7.27,-7.0,9.0,0.27,True,False,-110,pit
2021,R64,San Diego St.,True,7.11,-3.0,-16.0,4.11,False,False,-110,pit
2021,R64,Morehead St.,False,8.56,-13.0,17.0,4.44,False,False,-110,pit
2021,R64,Rutgers,False,-5.57,2.5,-4.0,3.07,True,False,-110,pit
2021,R64,Cleveland St.,False,19.67,-20.5,31.0,0.83,False,False,-110,pit
2021,R32,Loyola Chicago,False,5.1,-7.0,-13.0,1.9,True,False,-110,pit
2021,R32,Oregon St.,False,3.25,-6.0,-10.0,2.75,True,False,-110,pit
2021,R32,West Virginia,True,5.09,-4.0,-3.0,1.09,False,False,-110,pit
2021,R32,Houston,True,11.39,-7.5,3.0,3.89,False,False,-110,pit
2021,S16,Oregon St.,False,6.66,-7.0,-7.0,0.34,True,False,-110,pit
2021,S16,Houston,True,7.04,-6.5,16.0,0.54,True,False,-110,pit
2021,E8,Oregon St.,False,3.01,-8.0,6.0,4.99,True,False,-110,pit
2021,R64,Hartford,False,19.19,-25.5,24.0,6.31,True,False,-110,pit
2021,R64,Wisconsin,False,-1.81,-2.0,-23.0,3.81,True,False,-110,pit
2021,R64,Villanova,True,8.08,-6.5,10.0,1.58,True,False,-110,pit
2021,R64,Purdue,True,7.86,-7.5,-9.0,0.36,False,False,-110,pit
2021,R64,Utah St.,False,1.87,-4.0,12.0,2.13,False,False,-110,pit
2021,R64,Arkansas,True,13.25,-8.5,17.0,4.75,True,False,-110,pit
2021,R64,Florida,True,4.52,1.5,5.0,6.02,True,False,-110,pit
2021,R64,Ohio St.,True,19.15,-15.0,-3.0,4.15,False,False,-110,pit
2021,R32,Wisconsin,False,-4.36,-6.5,13.0,10.86,False,False,-110,pit
2021,R32,North Texas,False,-1.56,-6.0,23.0,7.56,False,False,-110,pit
2021,R32,Arkansas,True,2.22,2.0,2.0,4.22,True,False,-110,pit
2021,R32,Florida,True,9.42,-9.0,-3.0,0.42,False,False,-110,pit
2021,S16,Villanova,False,4.64,-8.0,11.0,3.36,False,False,-110,pit
2021,S16,Arkansas,True,13.95,-11.0,2.0,2.95,False,False,-110,pit
2021,E8,Arkansas,False,-0.9,-8.0,9.0,8.9,False,False,-110,pit
2021,R64,Texas Southern,False,23.48,-25.0,16.0,1.52,True,False,-110,pit
2021,R64,LSU,True,5.78,-2.0,15.0,3.78,True,False,-110,pit
2021,R64,Colorado,True,9.9,-6.0,23.0,3.9,True,False,-110,pit
2021,R64,UNC Greensboro,False,8.1,-10.5,10.0,2.4,True,False,-110,pit
2021,R64,UCLA,False,-0.22,-3.5,-11.0,3.72,True,False,-110,pit
2021,R64,Abilene Christian,False,7.14,-8.5,-1.0,1.36,True,False,-110,pit
2021,R64,Maryland,False,-6.63,-3.5,-9.0,10.13,True,False,-110,pit
2021,R64,Alabama,True,20.95,-16.5,13.0,4.45,False,False,-110,pit
2021,R32,LSU,False,1.95,-4.5,8.0,2.55,False,False,-110,pit
2021,R32,Colorado,False,-4.62,0.0,18.0,4.62,False,False,-110,pit
2021,R32,UCLA,True,7.36,-5.5,20.0,1.86,True,False,-110,pit
2021,R32,Maryland,False,3.77,-6.5,19.0,2.73,False,False,-110,pit
2021,S16,Michigan,True,6.39,-1.5,18.0,4.89,True,False,-110,pit
2021,S16,UCLA,False,6.94,-7.0,-10.0,0.06,True,False,-110,pit
2021,E8,UCLA,False,-1.31,-6.5,-2.0,7.81,True,False,-110,pit
2021,R64,Norfolk St.,False,23.78,-33.0,43.0,9.22,False,False,-110,pit
2021,R64,Oklahoma,True,3.28,1.5,4.0,4.78,True,False,-110,pit
2021,R64,Creighton,True,8.14,-7.5,1.0,0.64,False,False,-110,pit
2021,R64,Ohio,False,6.03,-6.5,-4.0,0.47,True,False,-110,pit
2021,R64,Drake,False,4.63,-7.5,16.0,2.87,False,False,-110,pit
2021,R64,Eastern Washington,False,9.15,-10.5,9.0,1.35,True,False,-110,pit
2021,R64,Iowa,True,16.39,-13.5,12.0,2.89,False,False,-110,pit
2021,R32,Oklahoma,False,8.4,-15.5,16.0,7.1,False,False,-110,pit
2021,R32,Creighton,True,9.5,-5.5,14.0,4.0,True,False,-110,pit
2021,R32,Kansas,True,-1.08,1.5,-34.0,0.42,False,False,-110,pit
2021,R32,Iowa,True,10.6,-4.5,-15.0,6.1,False,False,-110,pit
2021,S16,Creighton,False,1.86,-12.5,18.0,10.64,False,False,-110,pit
2021,S16,USC,True,7.95,-2.5,14.0,5.45,True,False,-110,pit
2021,E8,USC,False,-1.56,-8.5,19.0,10.06,False,False,-110,pit
2021,F4,Baylor,True,-0.05,4.5,16.0,4.45,True,False,-110,pit
2009,R64,North Carolina,True,28.17,-25.5,43.0,2.67,True,False,-110,agg
2009,R64,Butler,False,1.4,-1.5,4.0,0.1,False,False,-110,agg
2009,R64,Illinois,True,5.52,-5.0,-4.0,0.52,False,False,-110,agg
2009,R64,Gonzaga,True,15.98,-14.0,13.0,1.98,False,False,-110,agg
2009,R64,Arizona St.,True,10.55,-5.0,9.0,5.55,True,False,-110,agg
2009,R64,Syracuse,True,17.81,-11.0,15.0,6.81,True,False,-110,agg
2009,R64,Michigan,False,1.51,-4.5,-3.0,2.99,True,False,-110,agg
2009,R64,Morgan St.,False,12.88,-15.5,28.0,2.62,False,False,-110,agg
2009,R32,LSU,False,10.29,-13.0,14.0,2.71,False,False,-110,agg
2009,R32,Western Kentucky,False,7.4,-11.5,2.0,4.1,True,False,-110,agg
2009,R32,Arizona St.,False,0.9,-2.5,11.0,1.6,False,False,-110,agg
2009,R32,Michigan,False,5.43,-7.0,10.0,1.57,False,False,-110,agg
2009,S16,Gonzaga,False,4.26,-7.5,21.0,3.24,False,False,-110,agg
2009,S16,Oklahoma,True,4.05,1.0,13.0,5.05,True,False,-110,agg
2009,E8,Oklahoma,False,1.27,-7.0,12.0,5.73,False,False,-110,agg
2009,R64,East Tennessee St.,False,19.94,-20.5,10.0,0.56,True,False,-110,agg
2009,R64,Oklahoma St.,True,2.55,3.0,2.0,5.55,True,False,-110,agg
2009,R64,Wisconsin,False,-2.35,-3.0,-2.0,5.35,True,False,-110,agg
2009,R64,Xavier,True,11.74,-10.0,18.0,1.74,True,False,-110,agg
2009,R64,VCU,False,8.37,-8.5,1.0,0.13,True,False,-110,agg
2009,R64,Villanova,True,20.86,-15.0,13.0,5.86,False,False,-110,agg
2009,R64,Minnesota,False,3.24,-4.5,14.0,1.26,False,False,-110,agg
2009,R64,Duke,True,25.4,-24.0,24.0,1.4,False,True,-110,agg
2009,R32,Oklahoma St.,False,6.6,-9.0,8.0,2.4,True,False,-110,agg
2009,R32,Xavier,True,7.71,-2.5,11.0,5.21,True,False,-110,agg
2009,R32,Villanova,True,3.77,-2.5,20.0,1.27,True,False,-110,agg
2009,R32,Duke,True,7.58,-7.5,5.0,0.08,False,False,-110,agg
2009,S16,Xavier,False,5.89,-6.5,5.0,0.61,True,False,-110,agg
2009,S16,Duke,True,5.97,-2.5,-23.0,3.47,False,False,-110,agg
2009,E8,Pittsburgh,True,7.87,-2.0,-2.0,5.87,False,False,-110,agg
2009,R64,Connecticut,True,39.72,-20.5,56.0,19.22,True,False,-110,agg
2009,R64,Texas A&M,False,0.24,-3.0,-13.0,2.76,True,False,-110,agg
2009,R64,Northern Iowa,False,7.88,-8.5,5.0,0.62,True,False,-110,agg
2009,R64,Washington,True,6.87,-6.0,13.0,0.87,True,False,-110,agg
2009,R64,Utah St.,False,3.14,-6.0,1.0,2.86,True,False,-110,agg
2009,R64,Missouri,True,19.67,-12.5,19.0,7.17,True,False,-110,agg
2009,R64,Maryland,False,0.12,-1.0,-13.0,0.88,True,False,-110,agg
2009,R64,Cal St. Northridge,False,17.77,-19.5,11.0,1.73,True,False,-110,agg
2009,R32,Texas A&M,False,8.39,-9.5,26.0,1.11,False,False,-110,agg
2009,R32,Purdue,False,0.12,-1.5,-2.0,1.38,True,False,-110,agg
2009,R32,Missouri,True,5.24,-3.0,4.0,2.24,True,False,-110,agg
2009,R32,Maryland,False,7.5,-10.0,19.0,2.5,False,False,-110,agg
2009,S16,Purdue,False,5.98,-6.5,12.0,0.52,False,False,-110,agg
2009,S16,Memphis,True,6.95,-4.0,-11.0,2.95,False,False,-110,agg
2009,E8,Missouri,False,-0.2,-6.0,7.0,6.2,False,False,-110,agg
2009,R64,Louisville,True,25.43,-21.5,20.0,3.93,False,False,-110,agg
2009,R64,Ohio St.,True,4.11,-2.0,-2.0,2.11,False,False,-110,agg
2009,R64,Utah,True,7.24,-1.0,-13.0,6.24,False,False,-110,agg
2009,R64,Cleveland St.,False,6.36,-8.0,-15.0,1.64,True,False,-110,agg
2009,R64,Dayton,False,4.21,-10.0,-8.0,5.79,True,False,-110,agg
2009,R64,North Dakota St.,False,7.14,-8.5,10.0,1.36,False,False,-110,agg
2009,R64,USC,False,-4.49,2.0,-17.0,2.49,True,False,-110,agg
2009,R64,Michigan St.,True,18.06,-15.0,15.0,3.06,False,True,-110,agg
2009,R32,Siena,False,6.2,-12.0,7.0,5.8,True,False,-110,agg
2009,R32,Arizona,True,7.49,-2.5,14.0,4.99,True,False,-110,agg
2009,R32,Dayton,False,5.96,-8.0,17.0,2.04,False,False,-110,agg
2009,R32,Michigan St.,True,7.92,-4.0,5.0,3.92,True,False,-110,agg
2009,S16,Arizona,False,9.25,-9.5,39.0,0.25,False,False,-110,agg
2009,S16,Michigan St.,True,2.75,0.0,5.0,2.75,True,False,-110,agg
2009,E8,Michigan St.,False,-0.6,-6.5,-12.0,7.1,True,False,-110,agg
2009,Championship,Michigan St.,False,0.39,-7.0,17.0,6.61,False,False,-110,agg
2010,R64,Duke,True,25.0,-24.5,29.0,0.5,True,False,-110,agg
2010,R64,California,True,6.51,-1.0,15.0,5.51,True,False,-110,agg
2010,R64,Texas A&M,True,5.62,-3.0,16.0,2.62,True,False,-110,agg
2010,R64,Purdue,True,9.33,-4.5,8.0,4.83,True,False,-110,agg
2010,R64,Notre Dame,True,2.73,-2.0,-1.0,0.73,False,False,-110,agg
2010,R64,Baylor,True,12.66,-10.0,9.0,2.66,False,False,-110,agg
2010,R64,Saint Mary's,False,-2.7,-1.5,-9.0,4.2,True,False,-110,agg
2010,R64,Villanova,True,17.45,-16.5,3.0,0.95,False,False,-110,agg
2010,R32,California,False,5.51,-6.5,15.0,0.99,False,False,-110,agg
2010,R32,Purdue,True,1.72,2.5,2.0,4.22,True,False,-110,agg
2010,R32,Old Dominion,False,4.15,-4.5,8.0,0.35,False,False,-110,agg
2010,R32,Saint Mary's,False,2.06,-4.5,-7.0,2.44,True,False,-110,agg
2010,S16,Purdue,False,6.05,-8.5,13.0,2.45,False,False,-110,agg
2010,S16,Saint Mary's,False,3.12,-5.0,23.0,1.88,False,False,-110,agg
2010,E8,Duke,True,6.37,-4.5,7.0,1.87,True,False,-110,agg
2010,R64,Kentucky,True,20.83,-18.5,29.0,2.33,True,False,-110,agg
2010,R64,Wake Forest,False,1.15,-5.5,-1.0,4.35,True,False,-110,agg
2010,R64,Cornell,False,1.0,-3.0,-13.0,2.0,True,False,-110,agg
2010,R64,Wofford,False,7.35,-10.5,4.0,3.15,True,False,-110,agg
2010,R64,Washington,False,-2.75,-1.0,-2.0,3.75,True,False,-110,agg
2010,R64,New Mexico,True,9.09,-8.5,5.0,0.59,False,False,-110,agg
2010,R64,Clemson,True,2.16,-2.0,-8.0,0.16,False,False,-110,agg
2010,R64,West Virginia,True,18.93,-16.5,27.0,2.43,True,False,-110,agg
2010,R32,Wake Forest,False,8.34,-9.5,30.0,1.16,False,False,-110,agg
2010,R32,Cornell,False,3.86,-4.0,-18.0,0.14,True,False,-110,agg
2010,R32,New Mexico,True,0.77,2.5,-18.0,3.27,False,False,-110,agg
2010,R32,Missouri,False,3.89,-6.0,9.0,2.11,False,False,-110,agg
2010,S16,Kentucky,True,10.16,-8.5,17.0,1.66,True,False,-110,agg
2010,S16,West Virginia,True,4.62,-4.5,13.0,0.12,True,False,-110,agg
2010,E8,West Virginia,False,2.16,-4.5,-7.0,2.34,True,False,-110,agg
2010,R64,Syracuse,True,16.98,-15.5,23.0,1.48,True,False,-110,agg
2010,R64,Gonzaga,True,0.43,1.0,7.0,1.43,True,False,-110,agg
2010,R64,Butler,True,6.28,-2.5,18.0,3.78,True,False,-110,agg
2010,R64,Murray St.,False,1.66,-2.5,-1.0,0.84,True,False,-110,agg
2010,R64,Minnesota,False,0.95,-1.5,11.0,0.55,False,False,-110,agg
2010,R64,Pittsburgh,True,11.77,-9.5,23.0,2.27,True,False,-110,agg
2010,R64,BYU,True,5.74,-5.0,7.0,0.74,True,False,-110,agg
2010,R64,Kansas St.,True,20.69,-15.0,20.0,5.69,True,False,-110,agg
2010,R32,Gonzaga,False,4.57,-6.5,22.0,1.93,False,False,-110,agg
2010,R32,Butler,True,9.48,-4.5,2.0,4.98,False,False,-110,agg
2010,R32,Xavier,False,-1.66,-1.5,-3.0,3.16,True,False,-110,agg
2010,R32,BYU,False,3.9,-4.5,12.0,0.6,False,False,-110,agg
2010,S16,Butler,False,3.43,-6.0,-4.0,2.57,True,False,-110,agg
2010,S16,Xavier,False,3.23,-5.0,5.0,1.77,False,True,-110,agg
2010,E8,Butler,False,1.23,-4.0,-7.0,2.77,True,False,-110,agg
2010,R64,Lehigh,False,18.71,-25.0,16.0,6.29,True,False,-110,agg
2010,R64,Northern Iowa,False,-3.03,-0.0,-3.0,3.03,True,False,-110,agg
2010,R64,New Mexico St.,False,12.54,-13.0,3.0,0.46,True,False,-110,agg
2010,R64,Houston,False,6.96,-9.5,12.0,2.54,False,False,-110,agg
2010,R64,San Diego St.,False,2.88,-3.0,3.0,0.12,False,True,-110,agg
2010,R64,Ohio,False,9.81,-14.0,-14.0,4.19,True,False,-110,agg
2010,R64,Georgia Tech,False,0.2,-2.0,-5.0,1.8,True,False,-110,agg
2010,R64,Ohio St.,True,22.48,-17.5,17.0,4.98,False,False,-110,agg
2010,R32,Northern Iowa,False,7.71,-11.0,-2.0,3.29,True,False,-110,agg
2010,R32,Michigan St.,False,-1.97,-1.0,-2.0,2.97,True,False,-110,agg
2010,R32,Ohio,False,7.55,-8.5,15.0,0.95,False,False,-110,agg
2010,R32,Georgia Tech,False,2.64,-6.5,9.0,3.86,False,False,-110,agg
2010,S16,Michigan St.,True,4.07,-1.5,7.0,2.57,True,False,-110,agg
2010,S16,Tennessee,False,2.68,-4.5,-3.0,1.82,True,False,-110,agg
2010,E8,Michigan St.,True,1.58,2.0,1.0,3.58,True,False,-110,agg
2010,F4,Butler,False,2.77,-7.0,2.0,4.23,True,False,-110,agg
2011,R64,Pittsburgh,True,19.51,-18.5,23.0,1.01,True,False,-110,agg
2011,R64,Butler,True,0.44,1.5,2.0,1.94,True,False,-110,agg
2011,R64,Utah St.,False,0.72,-1.5,5.0,0.78,False,False,-110,agg
2011,R64,Wisconsin,True,4.94,-4.0,14.0,0.94,True,False,-110,agg
2011,R64,St. John's,True,0.71,0.0,-15.0,0.71,False,False,-110,agg
2011,R64,BYU,True,9.4,-8.5,8.0,0.9,False,False,-110,agg
2011,R64,UCLA,True,2.04,1.0,2.0,3.04,True,False,-110,agg
2011,R64,Florida,True,15.84,-12.5,28.0,3.34,True,False,-110,agg
2011,R32,Butler,False,4.21,-8.0,-1.0,3.79,True,False,-110,agg
2011,R32,Wisconsin,True,3.75,-3.5,5.0,0.25,True,False,-110,agg
2011,R32,BYU,True,3.55,1.0,22.0,4.55,True,False,-110,agg
2011,R32,UCLA,False,4.59,-5.0,8.0,0.41,False,False,-110,agg
2011,S16,Wisconsin,True,5.26,-4.5,-7.0,0.76,False,False,-110,agg
2011,S16,BYU,False,0.49,-2.5,9.0,2.01,False,False,-110,agg
2011,E8,Butler,False,3.98,-4.0,-3.0,0.02,True,False,-110,agg
2011,R64,Boston University,False,20.9,-23.5,19.0,2.6,True,False,-110,agg
2011,R64,Illinois,False,-2.03,-2.0,-11.0,4.03,True,False,-110,agg
2011,R64,Richmond,False,2.0,-3.0,-3.0,1.0,True,False,-110,agg
2011,R64,Louisville,True,9.79,-9.5,-1.0,0.29,False,False,-110,agg
2011,R64,VCU,False,1.81,-5.5,-18.0,3.69,True,False,-110,agg
2011,R64,Purdue,True,16.27,-15.0,22.0,1.27,True,False,-110,agg
2011,R64,Florida St.,False,-4.12,-0.0,-7.0,4.12,True,False,-110,agg
2011,R64,Notre Dame,True,16.84,-14.0,13.0,2.84,False,False,-110,agg
2011,R32,Illinois,False,3.54,-8.0,14.0,4.46,False,False,-110,agg
2011,R32,Richmond,True,8.74,-4.5,17.0,4.24,True,False,-110,agg
2011,R32,VCU,False,3.21,-10.0,-18.0,6.79,True,False,-110,agg
2011,R32,Notre Dame,True,5.61,-4.5,-14.0,1.11,False,False,-110,agg
2011,S16,Richmond,False,9.44,-10.5,20.0,1.06,False,False,-110,agg
2011,S16,VCU,False,-0.33,-4.5,-1.0,4.83,True,False,-110,agg
2011,E8,VCU,False,9.41,-11.5,-10.0,2.09,True,False,-110,agg
2011,R64,Duke,True,34.07,-25.0,42.0,9.07,True,False,-110,agg
2011,R64,Michigan,True,2.7,0.0,30.0,2.7,True,False,-110,agg
2011,R64,Arizona,True,13.78,-5.5,2.0,8.28,False,False,-110,agg
2011,R64,Oakland,False,5.2,-10.0,4.0,4.8,True,False,-110,agg
2011,R64,Cincinnati,True,3.96,1.0,15.0,4.96,True,False,-110,agg
2011,R64,Connecticut,True,13.42,-10.5,29.0,2.92,True,False,-110,agg
2011,R64,Temple,True,5.18,-2.0,2.0,3.18,False,True,-110,agg
2011,R64,Northern Colorado,False,12.68,-14.5,18.0,1.82,False,False,-110,agg
2011,R32,Michigan,False,9.3,-13.0,2.0,3.7,True,False,-110,agg
2011,R32,Arizona,False,-4.02,-5.5,-1.0,9.52,True,False,-110,agg
2011,R32,Connecticut,True,7.72,-4.0,11.0,3.72,True,False,-110,agg
2011,R32,San Diego St.,True,6.77,-5.5,7.0,1.27,True,False,-110,agg
2011,S16,Arizona,False,3.61,-9.5,-16.0,5.89,True,False,-110,agg
2011,S16,Connecticut,False,-4.06,-2.0,-7.0,6.06,True,False,-110,agg
2011,E8,Arizona,False,2.69,-3.5,2.0,0.81,True,False,-110,agg
2011,R64,UTSA,False,25.5,-25.5,29.0,0.0,False,False,-110,agg
2011,R64,George Mason,True,-1.76,2.0,4.0,0.24,True,False,-110,agg
2011,R64,Clemson,False,1.46,-2.0,8.0,0.54,False,False,-110,agg
2011,R64,Kentucky,True,13.95,-13.0,2.0,0.95,False,False,-110,agg
2011,R64,Marquette,False,-3.54,-1.0,-11.0,4.54,True,False,-110,agg
2011,R64,Syracuse,True,14.86,-13.0,17.0,1.86,True,False,-110,agg
2011,R64,Georgia,False,3.6,-6.0,3.0,2.4,True,False,-110,agg
2011,R64,LIU Brooklyn,False,13.2,-18.5,15.0,5.3,True,False,-110,agg
2011,R32,Ohio St.,True,11.97,-11.5,32.0,0.47,True,False,-110,agg
2011,R32,Kentucky,True,5.75,-3.5,8.0,2.25,True,False,-110,agg
2011,R32,Syracuse,True,6.62,-4.5,-4.0,2.12,False,False,-110,agg
2011,R32,Washington,False,2.69,-3.5,3.0,0.81,True,False,-110,agg
2011,S16,Kentucky,False,2.59,-5.5,-2.0,2.91,True,False,-110,agg
2011,S16,North Carolina,True,7.01,-4.0,18.0,3.01,True,False,-110,agg
2011,E8,Kentucky,False,-5.05,1.5,-7.0,3.55,True,False,-110,agg
2011,F4,Connecticut,True,5.43,-3.0,12.0,2.43,True,False,-110,agg
2012,R64,North Carolina,True,16.4,-15.5,19.0,0.9,True,False,-110,agg
2012,R64,Alabama,False,-3.35,-1.0,1.0,4.35,False,True,-110,agg
2012,R64,South Florida,False,1.73,-3.0,-14.0,1.27,True,False,-110,agg
2012,R64,Ohio,False,0.54,-5.5,-5.0,4.96,True,False,-110,agg
2012,R64,North Carolina St.,False,-4.38,2.5,-14.0,1.88,True,False,-110,agg
2012,R64,Belmont,False,2.28,-3.5,15.0,1.22,False,False,-110,agg
2012,R64,Purdue,False,-3.82,-2.0,-3.0,5.82,True,False,-110,agg
2012,R64,Detroit,False,13.3,-13.5,15.0,0.2,False,False,-110,agg
2012,R32,Creighton,False,5.29,-9.5,14.0,4.21,False,False,-110,agg
2012,R32,Ohio,False,0.99,-2.5,-6.0,1.51,True,False,-110,agg
2012,R32,North Carolina St.,False,0.85,-4.0,-3.0,3.15,True,False,-110,agg
2012,R32,Purdue,False,4.54,-8.0,3.0,3.46,True,False,-110,agg
2012,S16,Ohio,False,7.67,-10.5,8.0,2.83,True,False,-110,agg
2012,S16,North Carolina St.,False,7.17,-8.5,3.0,1.33,True,False,-110,agg
2012,E8,Kansas,False,-3.43,2.0,-13.0,1.43,True,False,-110,agg
2012,R64,UNC Asheville,False,12.89,-15.5,7.0,2.61,True,False,-110,agg
2012,R64,Southern Miss,False,1.59,-5.5,6.0,3.91,False,False,-110,agg
2012,R64,Harvard,False,0.58,-5.5,9.0,4.92,False,False,-110,agg
2012,R64,Wisconsin,True,16.46,-8.5,24.0,7.96,True,False,-110,agg
2012,R64,Cincinnati,True,5.21,-3.0,6.0,2.21,True,False,-110,agg
2012,R64,Florida St.,True,7.74,-6.5,3.0,1.24,False,False,-110,agg
2012,R64,Gonzaga,True,6.47,1.5,23.0,7.97,True,False,-110,agg
2012,R64,Loyola MD,False,17.23,-17.5,19.0,0.27,False,False,-110,agg
2012,R32,Kansas St.,False,5.57,-6.0,16.0,0.43,False,False,-110,agg
2012,R32,Wisconsin,True,0.26,-0.0,3.0,0.26,True,False,-110,agg
2012,R32,Cincinnati,False,0.86,-3.0,-6.0,2.14,True,False,-110,agg
2012,R32,Gonzaga,False,6.91,-7.5,7.0,0.59,True,False,-110,agg
2012,S16,Wisconsin,False,2.4,-3.0,1.0,0.6,True,False,-110,agg
2012,S16,Cincinnati,False,5.49,-7.5,15.0,2.01,False,False,-110,agg
2012,E8,Ohio St.,False,-3.79,3.0,-7.0,0.79,True,False,-110,agg
2012,R64,LIU Brooklyn,False,17.23,-18.5,22.0,1.27,False,False,-110,agg
2012,R64,Saint Louis,False,0.35,-2.5,-7.0,2.15,True,False,-110,agg
2012,R64,New Mexico,True,4.79,-4.5,7.0,0.29,True,False,-110,agg
2012,R64,Louisville,True,7.38,-5.5,7.0,1.88,True,False,-110,agg
2012,R64,Colorado St.,False,4.65,-5.0,17.0,0.35,False,False,-110,agg
2012,R64,Marquette,True,6.67,-5.0,20.0,1.67,True,False,-110,agg
2012,R64,Florida,True,5.56,-2.5,26.0,3.06,True,False,-110,agg
2012,R64,Norfolk St.,False,15.25,-21.0,-2.0,5.75,True,False,-110,agg
2012,R32,Saint Louis,False,5.93,-7.5,4.0,1.57,True,False,-110,agg
2012,R32,Louisville,True,5.7,-2.0,3.0,3.7,True,False,-110,agg
2012,R32,Murray St.,False,-0.54,-5.5,9.0,6.04,False,False,-110,agg
2012,R32,Norfolk St.,False,13.47,-14.0,34.0,0.53,False,False,-110,agg
2012,S16,Louisville,False,-1.21,-5.5,-13.0,6.71,True,False,-110,agg
2012,S16,Florida,False,-3.71,-1.5,-10.0,5.21,True,False,-110,agg
2012,E8,Florida,False,-1.82,1.0,4.0,0.82,False,False,-110,agg
2012,R64,Western Kentucky,False,19.69,-26.5,15.0,6.81,True,False,-110,agg
2012,R64,Iowa St.,True,2.4,2.0,13.0,4.4,True,False,-110,agg
2012,R64,VCU,False,-0.72,-7.5,-3.0,8.22,True,False,-110,agg
2012,R64,Indiana,True,10.84,-6.0,13.0,4.84,True,False,-110,agg
2012,R64,Colorado,False,3.46,-5.5,-4.0,2.04,True,False,-110,agg
2012,R64,South Dakota St.,False,6.31,-7.5,8.0,1.19,False,False,-110,agg
2012,R64,Xavier,False,-3.67,-2.0,-4.0,5.67,True,False,-110,agg
2012,R64,Lehigh,False,2.92,-11.0,-5.0,8.08,True,False,-110,agg
2012,R32,Iowa St.,False,8.62,-12.0,16.0,3.38,False,False,-110,agg
2012,R32,Indiana,True,6.55,-5.5,2.0,1.05,False,False,-110,agg
2012,R32,Baylor,True,8.71,-8.0,17.0,0.71,True,False,-110,agg
2012,R32,Lehigh,False,0.49,-3.5,12.0,3.01,False,False,-110,agg
2012,S16,Indiana,False,5.27,-9.5,12.0,4.23,False,False,-110,agg
2012,S16,Baylor,True,6.81,-6.5,5.0,0.31,False,False,-110,agg
2012,E8,Baylor,False,5.1,-7.5,12.0,2.4,False,False,-110,agg
2012,Championship,Kansas,False,4.24,-6.0,8.0,1.76,False,False,-110,agg
2013,R64,Indiana,True,33.4,-21.5,21.0,11.9,False,False,-110,agg
2013,R64,Temple,False,0.96,-4.0,-4.0,3.04,True,False,-110,agg
2013,R64,UNLV,True,5.51,-3.5,-3.0,2.01,False,False,-110,agg
2013,R64,Syracuse,True,22.09,-13.0,47.0,9.09,True,False,-110,agg
2013,R64,Butler,True,3.83,-3.0,12.0,0.83,True,False,-110,agg
2013,R64,Marquette,True,4.52,-3.0,1.0,1.52,False,False,-110,agg
2013,R64,Illinois,True,3.14,-1.0,8.0,2.14,True,False,-110,agg
2013,R64,Pacific,False,12.36,-14.0,29.0,1.64,False,False,-110,agg
2013,R32,Temple,False,5.98,-12.5,6.0,6.52,True,False,-110,agg
2013,R32,Syracuse,True,9.25,-8.0,6.0,1.25,False,False,-110,agg
2013,R32,Butler,False,0.02,-1.5,2.0,1.48,False,False,-110,agg
2013,R32,Illinois,False,3.65,-7.5,4.0,3.85,True,False,-110,agg
2013,S16,Syracuse,False,-1.44,-5.0,-11.0,6.44,True,False,-110,agg
2013,S16,Marquette,False,3.4,-5.5,-10.0,2.1,True,False,-110,agg
2013,E8,Syracuse,False,-5.57,4.5,-16.0,1.07,True,False,-110,agg
2013,R64,Western Kentucky,False,17.64,-20.5,7.0,2.86,True,False,-110,agg
2013,R64,Villanova,False,3.97,-5.0,7.0,1.03,False,False,-110,agg
2013,R64,VCU,True,8.34,-7.0,46.0,1.34,True,False,-110,agg
2013,R64,Michigan,True,16.67,-12.0,15.0,4.67,True,False,-110,agg
2013,R64,Minnesota,False,-4.3,3.5,-20.0,0.8,True,False,-110,agg
2013,R64,Northwestern St.,False,17.31,-20.0,32.0,2.69,False,False,-110,agg
2013,R64,Oklahoma,False,1.58,-2.5,15.0,0.92,False,False,-110,agg
2013,R64,Florida Gulf Coast,False,6.89,-13.5,-10.0,6.61,True,False,-110,agg
2013,R32,Kansas,True,8.18,-6.5,12.0,1.68,True,False,-110,agg
2013,R32,Michigan,True,5.95,-3.5,25.0,2.45,True,False,-110,agg
2013,R32,Minnesota,False,7.36,-7.5,14.0,0.14,False,False,-110,agg
2013,R32,Florida Gulf Coast,False,4.77,-7.5,-10.0,2.73,True,False,-110,agg
2013,S16,Michigan,False,-0.04,-1.5,-2.0,1.54,True,False,-110,agg
2013,S16,Florida,True,14.6,-14.5,12.0,0.1,False,False,-110,agg
2013,E8,Michigan,False,-2.97,-3.5,-20.0,6.47,True,False,-110,agg
2013,R64,Southern,False,19.93,-22.5,6.0,2.57,True,False,-110,agg
2013,R64,Wichita St.,False,-3.6,-4.5,-18.0,8.1,True,False,-110,agg
2013,R64,Mississippi,False,0.71,-6.5,-11.0,5.79,True,False,-110,agg
2013,R64,La Salle,False,0.49,-6.0,-2.0,5.51,True,False,-110,agg
2013,R64,Arizona,True,9.77,-4.5,17.0,5.27,True,False,-110,agg
2013,R64,Harvard,False,4.44,-10.5,-6.0,6.06,True,False,-110,agg
2013,R64,Notre Dame,True,0.6,1.0,-18.0,1.6,False,False,-110,agg
2013,R64,Iona,False,11.71,-15.0,25.0,3.29,False,False,-110,agg
2013,R32,Wichita St.,False,-0.57,-7.0,-6.0,7.57,True,False,-110,agg
2013,R32,La Salle,False,-1.76,-3.5,-2.0,5.26,True,False,-110,agg
2013,R32,Harvard,False,9.55,-10.5,23.0,0.95,False,False,-110,agg
2013,R32,Iowa St.,False,6.71,-7.5,3.0,0.79,True,False,-110,agg
2013,S16,Wichita St.,True,6.08,-4.5,14.0,1.58,True,False,-110,agg
2013,S16,Arizona,False,2.39,-3.5,3.0,1.11,True,False,-110,agg
2013,E8,Wichita St.,False,-0.85,-5.0,-4.0,5.85,True,False,-110,agg
2013,R64,Louisville,True,35.43,-26.5,31.0,8.93,True,False,-110,agg
2013,R64,Colorado St.,True,0.02,3.0,12.0,3.02,True,False,-110,agg
2013,R64,Oregon,False,-1.67,-2.0,-13.0,3.67,True,False,-110,agg
2013,R64,New Mexico St.,False,6.47,-9.0,20.0,2.53,False,False,-110,agg
2013,R64,Saint Mary's,False,-0.57,-1.0,2.0,1.57,False,False,-110,agg
2013,R64,Valparaiso,False,7.34,-9.5,11.0,2.16,False,False,-110,agg
2013,R64,Creighton,True,3.36,-3.0,4.0,0.36,True,False,-110,agg
2013,R64,Albany,False,19.36,-20.5,12.0,1.14,True,False,-110,agg
2013,R32,Colorado St.,False,8.74,-10.5,26.0,1.76,False,False,-110,agg
2013,R32,Oregon,False,-1.27,-4.5,-17.0,5.77,True,False,-110,agg
2013,R32,Memphis,False,1.8,-5.5,22.0,3.7,False,False,-110,agg
2013,R32,Creighton,False,3.29,-6.0,16.0,2.71,False,False,-110,agg
2013,S16,Oregon,False,10.49,-10.5,8.0,0.01,True,False,-110,agg
2013,S16,Michigan St.,False,1.91,-2.0,10.0,0.09,False,False,-110,agg
2013,E8,Louisville,True,5.09,-3.5,22.0,1.59,True,False,-110,agg
2013,F4,Louisville,True,4.53,-4.0,6.0,0.53,True,False,-110,agg
2014,R64,Wichita St.,True,17.7,-17.0,27.0,0.7,True,False,-110,agg
2014,R64,Kentucky,True,6.6,-6.0,7.0,0.6,True,False,-110,agg
2014,R64,North Carolina St.,False,1.83,-3.0,3.0,1.17,False,True,-110,agg
2014,R64,Manhattan,False,9.76,-16.5,7.0,6.74,True,False,-110,agg
2014,R64,Massachusetts,True,-3.98,6.0,-19.0,2.02,False,False,-110,agg
2014,R64,Mercer,False,12.73,-13.0,-7.0,0.27,True,False,-110,agg
2014,R64,Texas,True,6.22,-2.5,2.0,3.72,False,False,-110,agg
2014,R64,Michigan,True,24.19,-15.0,17.0,9.19,True,False,-110,agg
2014,R32,Kentucky,False,0.12,-4.5,-2.0,4.38,True,False,-110,agg
2014,R32,Saint Louis,False,8.04,-10.0,15.0,1.96,False,False,-110,agg
2014,R32,Mercer,False,7.53,-8.5,20.0,0.97,False,False,-110,agg
2014,R32,Michigan,True,6.17,-5.5,14.0,0.67,True,False,-110,agg
2014,S16,Kentucky,False,1.25,-4.0,-5.0,2.75,True,False,-110,agg
2014,S16,Tennessee,False,0.34,-2.0,2.0,1.66,False,True,-110,agg
2014,E8,Michigan,True,-0.7,2.5,-3.0,1.8,False,False,-110,agg
2014,R64,Arizona,True,20.02,-20.0,9.0,0.02,False,False,-110,agg
2014,R64,Gonzaga,True,-0.45,4.0,8.0,3.55,True,False,-110,agg
2014,R64,North Dakota St.,False,1.79,-3.5,-5.0,1.71,True,False,-110,agg
2014,R64,San Diego St.,True,8.16,-8.0,2.0,0.16,False,False,-110,agg
2014,R64,Baylor,True,7.75,-3.5,14.0,4.25,True,False,-110,agg
2014,R64,Louisiana Lafayette,False,12.95,-13.5,10.0,0.55,True,False,-110,agg
2014,R64,BYU,False,4.7,-5.0,19.0,0.3,False,False,-110,agg
2014,R64,Wisconsin,True,15.8,-14.0,40.0,1.8,True,False,-110,agg
2014,R32,Arizona,True,7.74,-7.5,23.0,0.24,True,False,-110,agg
2014,R32,San Diego St.,True,9.81,-4.0,19.0,5.81,True,False,-110,agg
2014,R32,Baylor,False,0.52,-4.0,-30.0,3.48,True,False,-110,agg
2014,R32,Wisconsin,True,8.09,-6.0,8.0,2.09,True,False,-110,agg
2014,S16,San Diego St.,False,7.41,-7.5,6.0,0.09,True,False,-110,agg
2014,S16,Wisconsin,True,5.8,-4.0,17.0,1.8,True,False,-110,agg
2014,E8,Wisconsin,False,2.83,-3.5,-1.0,0.67,True,False,-110,agg
2014,R64,Virginia,True,20.07,-19.0,11.0,1.07,False,False,-110,agg
2014,R64,George Washington,False,-0.66,-3.5,5.0,4.16,False,False,-110,agg
2014,R64,Harvard,False,0.63,-3.0,-4.0,2.37,True,False,-110,agg
2014,R64,Delaware,False,11.19,-14.5,15.0,3.31,False,False,-110,agg
2014,R64,Providence,False,3.58,-4.0,2.0,0.42,True,False,-110,agg
2014,R64,Iowa St.,True,10.94,-8.5,18.0,2.44,True,False,-110,agg
2014,R64,Connecticut,True,7.35,-4.5,8.0,2.85,True,False,-110,agg
2014,R64,Milwaukee,False,16.48,-16.5,20.0,0.02,False,False,-110,agg
2014,R32,Virginia,True,8.37,-7.0,18.0,1.37,True,False,-110,agg
2014,R32,Harvard,False,7.43,-8.5,7.0,1.07,True,False,-110,agg
2014,R32,Iowa St.,True,2.73,-1.0,2.0,1.73,True,False,-110,agg
2014,R32,Connecticut,False,-1.88,-4.5,-12.0,6.38,True,False,-110,agg
2014,S16,Virginia,True,-1.92,2.5,-2.0,0.58,True,False,-110,agg
2014,S16,Connecticut,False,-1.79,-0.0,-5.0,1.79,True,False,-110,agg
2014,E8,Connecticut,False,0.02,-5.0,-6.0,4.98,True,False,-110,agg
2014,R64,Albany,False,16.25,-22.0,12.0,5.75,True,False,-110,agg
2014,R64,Colorado,True,-4.44,6.0,-29.0,1.56,False,False,-110,agg
2014,R64,Stephen F. Austin,False,3.51,-6.0,-2.0,2.49,True,False,-110,agg
2014,R64,UCLA,True,12.33,-8.0,17.0,4.33,True,False,-110,agg
2014,R64,Dayton,False,2.55,-6.0,-1.0,3.45,True,False,-110,agg
2014,R64,Syracuse,True,13.4,-13.0,24.0,0.4,True,False,-110,agg
2014,R64,Stanford,False,2.0,-4.5,-5.0,2.5,True,False,-110,agg
2014,R64,Eastern Kentucky,False,9.95,-13.0,11.0,3.05,True,False,-110,agg
2014,R32,Florida,True,5.92,-5.5,16.0,0.42,True,False,-110,agg
2014,R32,Stephen F. Austin,False,4.96,-9.5,17.0,4.54,False,False,-110,agg
2014,R32,Dayton,False,5.57,-8.5,-2.0,2.93,True,False,-110,agg
2014,R32,Stanford,False,5.31,-6.5,-3.0,1.19,True,False,-110,agg
2014,S16,Florida,True,6.02,-4.5,11.0,1.52,True,False,-110,agg
2014,S16,Dayton,False,0.74,-3.0,-10.0,2.26,True,False,-110,agg
2014,E8,Dayton,False,9.19,-10.0,10.0,0.81,False,True,-110,agg
2014,F4,Connecticut,True,2.09,2.5,6.0,4.59,True,False,-110,agg
2015,R64,Duke,True,28.76,-22.5,29.0,6.26,True,False,-110,agg
2015,R64,St. John's,False,2.16,-4.5,12.0,2.34,False,False,-110,agg
2015,R64,Stephen F. Austin,False,4.68,-6.5,7.0,1.82,False,False,-110,agg
2015,R64,Georgetown,True,11.04,-8.5,10.0,2.54,True,False,-110,agg
2015,R64,UCLA,False,2.59,-4.0,-1.0,1.41,True,False,-110,agg
2015,R64,UAB,False,12.86,-14.0,-1.0,1.14,True,False,-110,agg
2015,R64,Iowa,True,3.02,-2.5,31.0,0.52,True,False,-110,agg
2015,R64,Gonzaga,True,22.33,-17.0,10.0,5.33,False,False,-110,agg
2015,R32,Duke,True,9.12,-9.0,19.0,0.12,True,False,-110,agg
2015,R32,Georgetown,True,-3.81,4.5,-11.0,0.69,False,False,-110,agg
2015,R32,UCLA,True,9.82,-5.5,17.0,4.32,True,False,-110,agg
2015,R32,Iowa,False,5.31,-6.0,19.0,0.69,False,False,-110,agg
2015,S16,Duke,True,6.94,-4.5,6.0,2.44,True,False,-110,agg
2015,S16,UCLA,False,6.98,-8.5,12.0,1.52,False,False,-110,agg
2015,E8,Duke,True,3.65,-2.0,14.0,1.65,True,False,-110,agg
2015,R64,Villanova,True,30.44,-22.0,41.0,8.44,True,False,-110,agg
2015,R64,LSU,False,0.48,-2.0,1.0,1.52,True,False,-110,agg
2015,R64,Northern Iowa,True,14.06,-6.5,17.0,7.56,True,False,-110,agg
2015,R64,Louisville,True,10.33,-8.5,2.0,1.83,False,False,-110,agg
2015,R64,Providence,True,3.26,-3.0,-13.0,0.26,False,False,-110,agg
2015,R64,Albany,False,11.83,-13.0,9.0,1.17,True,False,-110,agg
2015,R64,Michigan St.,True,8.59,-6.0,7.0,2.59,True,False,-110,agg
2015,R64,Virginia,True,16.93,-16.5,12.0,0.43,False,False,-110,agg
2015,R32,North Carolina St.,False,9.08,-10.0,-3.0,0.92,True,False,-110,agg
2015,R32,Louisville,True,-0.57,2.5,13.0,1.93,True,False,-110,agg
2015,R32,Oklahoma,True,4.71,-4.0,6.0,0.71,True,False,-110,agg
2015,R32,Michigan St.,False,1.7,-4.5,-6.0,2.8,True,False,-110,agg
2015,S16,Louisville,True,6.82,-2.5,10.0,4.32,True,False,-110,agg
2015,S16,Michigan St.,False,-1.12,1.0,-4.0,0.12,True,False,-110,agg
2015,E8,Michigan St.,False,-3.35,2.0,-6.0,1.35,True,False,-110,agg
2015,R64,Coastal Carolina,False,19.72,-20.0,14.0,0.28,True,False,-110,agg
2015,R64,Oregon,True,1.68,-0.0,6.0,1.68,True,False,-110,agg
2015,R64,Arkansas,True,9.06,-7.0,3.0,2.06,False,False,-110,agg
2015,R64,North Carolina,True,12.97,-10.0,2.0,2.97,False,False,-110,agg
2015,R64,Xavier,True,7.29,-2.0,19.0,5.29,True,False,-110,agg
2015,R64,Georgia St.,False,9.2,-9.5,-1.0,0.3,True,False,-110,agg
2015,R64,VCU,True,-0.83,3.5,-3.0,2.67,True,False,-110,agg
2015,R64,Arizona,True,27.47,-23.5,21.0,3.97,False,False,-110,agg
2015,R32,Wisconsin,True,14.06,-12.5,7.0,1.56,False,False,-110,agg
2015,R32,Arkansas,False,2.72,-5.0,9.0,2.28,False,False,-110,agg
2015,R32,Georgia St.,False,5.61,-6.0,8.0,0.39,False,False,-110,agg
2015,R32,Ohio St.,False,6.75,-10.0,15.0,3.25,False,False,-110,agg
2015,S16,North Carolina,False,5.17,-6.0,7.0,0.83,False,False,-110,agg
2015,S16,Xavier,False,5.78,-11.5,8.0,5.72,True,False,-110,agg
2015,E8,Wisconsin,True,2.47,1.5,7.0,3.97,True,False,-110,agg
2015,R64,Hampton,False,33.25,-35.0,23.0,1.75,True,False,-110,agg
2015,R64,Purdue,False,-0.58,-2.0,1.0,2.58,True,False,-110,agg
2015,R64,West Virginia,True,5.55,-4.5,6.0,1.05,True,False,-110,agg
2015,R64,Maryland,True,8.45,-5.0,3.0,3.45,False,False,-110,agg
2015,R64,Butler,True,2.03,2.5,8.0,4.53,True,False,-110,agg
2015,R64,Notre Dame,True,13.63,-12.0,4.0,1.63,False,False,-110,agg
2015,R64,Indiana,False,4.2,-6.5,5.0,2.3,True,False,-110,agg
2015,R64,Kansas,True,14.44,-9.5,19.0,4.94,True,False,-110,agg
2015,R32,Cincinnati,False,10.67,-15.5,13.0,4.83,True,False,-110,agg
2015,R32,Maryland,True,0.32,1.5,-10.0,1.82,False,False,-110,agg
2015,R32,Notre Dame,True,5.05,-4.5,3.0,0.55,False,False,-110,agg
2015,R32,Kansas,True,0.65,0.0,-13.0,0.65,False,False,-110,agg
2015,S16,West Virginia,False,11.72,-12.5,39.0,0.78,False,False,-110,agg
2015,S16,Notre Dame,True,5.34,2.0,11.0,7.34,True,False,-110,agg
2015,E8,Notre Dame,False,6.21,-11.0,2.0,4.79,True,False,-110,agg
2015,F4,Wisconsin,False,-1.31,1.0,5.0,0.31,False,False,-110,agg
2016,R64,Virginia,True,30.21,-23.0,36.0,7.21,True,False,-110,agg
2016,R64,Butler,False,-3.7,3.5,-10.0,0.2,True,False,-110,agg
2016,R64,Little Rock,False,4.99,-8.0,-2.0,3.01,True,False,-110,agg
2016,R64,Iowa St.,True,8.41,-6.5,13.0,1.91,True,False,-110,agg
2016,R64,Gonzaga,False,-2.92,2.0,-16.0,0.92,True,False,-110,agg
2016,R64,Fresno St.,False,6.0,-8.5,11.0,2.5,False,False,-110,agg
2016,R64,Syracuse,False,-3.52,1.0,-19.0,2.52,True,False,-110,agg
2016,R64,Middle Tennessee,False,13.37,-16.5,-9.0,3.13,True,False,-110,agg
2016,R32,Virginia,True,9.09,-8.5,8.0,0.59,False,False,-110,agg
2016,R32,Little Rock,False,3.06,-6.0,17.0,2.94,False,False,-110,agg
2016,R32,Gonzaga,False,-2.01,1.0,-23.0,1.01,True,False,-110,agg
2016,R32,Syracuse,True,6.43,-6.0,25.0,0.43,True,False,-110,agg
2016,S16,Iowa St.,False,6.26,-6.5,13.0,0.24,False,False,-110,agg
2016,S16,Syracuse,True,-3.05,4.0,3.0,0.95,True,False,-110,agg
2016,E8,Virginia,True,9.28,-8.0,-6.0,1.28,False,False,-110,agg
2016,R64,Florida Gulf Coast,False,16.65,-23.5,16.0,6.85,True,False,-110,agg
2016,R64,Providence,False,-4.08,2.5,-1.0,1.58,False,False,-110,agg
2016,R64,Chattanooga,False,6.36,-10.5,25.0,4.14,False,False,-110,agg
2016,R64,Stony Brook,False,9.53,-13.5,28.0,3.97,False,False,-110,agg
2016,R64,Michigan,False,2.58,-3.0,7.0,0.42,False,False,-110,agg
2016,R64,West Virginia,True,9.26,-7.0,-14.0,2.26,False,False,-110,agg
2016,R64,Pittsburgh,False,-2.82,1.0,4.0,1.82,False,False,-110,agg
2016,R64,Xavier,True,17.63,-13.5,18.0,4.13,True,False,-110,agg
2016,R32,Providence,False,11.12,-11.5,19.0,0.38,False,False,-110,agg
2016,R32,Indiana,False,1.35,-4.0,-6.0,2.65,True,False,-110,agg
2016,R32,Notre Dame,True,4.06,-1.5,1.0,2.56,False,False,-110,agg
2016,R32,Xavier,True,8.28,-4.5,-3.0,3.78,False,False,-110,agg
2016,S16,North Carolina,True,7.44,-5.0,15.0,2.44,True,False,-110,agg
2016,S16,Notre Dame,True,1.07,-1.0,5.0,0.07,True,False,-110,agg
2016,E8,North Carolina,True,10.56,-9.5,14.0,1.06,True,False,-110,agg
2016,R64,Oregon,True,29.54,-23.0,39.0,6.54,True,False,-110,agg
2016,R64,Saint Joseph's,True,2.85,3.5,2.0,6.35,True,False,-110,agg
2016,R64,Yale,False,4.84,-5.5,-4.0,0.66,True,False,-110,agg
2016,R64,UNC Wilmington,False,8.34,-9.5,8.0,1.16,True,False,-110,agg
2016,R64,Northern Iowa,False,0.65,-3.0,-3.0,2.35,True,False,-110,agg
2016,R64,Texas A&M,True,13.46,-13.0,27.0,0.46,True,False,-110,agg
2016,R64,Oregon St.,True,-1.55,4.0,-8.0,2.45,False,False,-110,agg
2016,R64,Cal St. Bakersfield,False,11.61,-15.0,14.0,3.39,True,False,-110,agg
2016,R32,Saint Joseph's,False,5.96,-7.0,5.0,1.04,True,False,-110,agg
2016,R32,Duke,True,7.67,-6.0,7.0,1.67,True,False,-110,agg
2016,R32,Texas A&M,True,7.82,-7.0,4.0,0.82,False,False,-110,agg
2016,R32,Oklahoma,True,8.3,-6.0,4.0,2.3,False,False,-110,agg
2016,S16,Duke,False,2.19,-3.5,14.0,1.31,False,False,-110,agg
2016,S16,Oklahoma,True,2.81,-2.5,14.0,0.31,True,False,-110,agg
2016,E8,Oklahoma,False,-3.41,-1.0,-12.0,4.41,True,False,-110,agg
2016,R64,Kansas,True,32.35,-24.5,26.0,7.85,True,False,-110,agg
2016,R64,Colorado,True,-2.85,3.5,-7.0,0.65,False,False,-110,agg
2016,R64,South Dakota St.,False,7.37,-9.0,5.0,1.63,True,False,-110,agg
2016,R64,Hawaii,False,1.66,-6.0,-11.0,4.34,True,False,-110,agg
2016,R64,Arizona,True,0.14,0.0,-10.0,0.14,False,False,-110,agg
2016,R64,Miami FL,True,14.72,-14.0,7.0,0.72,False,False,-110,agg
2016,R64,Temple,False,6.53,-7.0,2.0,0.47,True,False,-110,agg
2016,R64,Villanova,True,19.9,-17.5,30.0,2.4,True,False,-110,agg
2016,R32,Kansas,True,10.06,-7.5,12.0,2.56,True,False,-110,agg
2016,R32,Hawaii,False,3.69,-7.5,13.0,3.81,False,False,-110,agg
2016,R32,Miami FL,True,3.63,1.5,8.0,5.13,True,False,-110,agg
2016,R32,Villanova,True,9.32,-6.0,19.0,3.32,True,False,-110,agg
2016,S16,Kansas,True,9.84,-5.5,16.0,4.34,True,False,-110,agg
2016,S16,Villanova,True,4.75,-4.0,23.0,0.75,True,False,-110,agg
2016,E8,Villanova,False,-0.16,-2.0,-5.0,2.16,True,False,-110,agg
2016,F4,Villanova,False,-0.36,-2.0,-3.0,2.36,True,False,-110,agg
2017,R64,North Carolina,True,33.47,-26.5,39.0,6.97,True,False,-110,agg
2017,R64,Arkansas,True,2.24,1.0,6.0,3.24,True,False,-110,agg
2017,R64,Minnesota,True,0.4,1.5,-9.0,1.9,False,False,-110,agg
2017,R64,Butler,True,10.9,-10.5,12.0,0.4,True,False,-110,agg
2017,R64,Cincinnati,True,4.83,-3.0,14.0,1.83,True,False,-110,agg
2017,R64,Kent St.,False,13.15,-19.5,17.0,6.35,True,False,-110,agg
2017,R64,Dayton,True,-5.81,6.5,-6.0,0.69,True,False,-110,agg
2017,R64,Northern Kentucky,False,17.58,-20.0,9.0,2.42,True,False,-110,agg
2017,R32,North Carolina,True,12.46,-11.5,7.0,0.96,False,False,-110,agg
2017,R32,Butler,True,6.16,-2.5,9.0,3.66,True,False,-110,agg
2017,R32,Cincinnati,False,0.83,-4.0,12.0,3.17,False,False,-110,agg
2017,R32,Kentucky,True,3.79,-3.5,3.0,0.29,False,False,-110,agg
2017,S16,Butler,False,6.65,-7.0,12.0,0.35,False,False,-110,agg
2017,S16,Kentucky,True,3.83,1.5,11.0,5.33,True,False,-110,agg
2017,E8,North Carolina,True,2.01,-2.0,2.0,0.01,False,True,-110,agg
2017,R64,Kansas,True,28.62,-23.0,38.0,5.62,True,False,-110,agg
2017,R64,Michigan St.,False,0.53,-2.0,-20.0,1.47,True,False,-110,agg
2017,R64,Iowa St.,True,8.13,-6.0,11.0,2.13,True,False,-110,agg
2017,R64,Vermont,False,4.99,-9.0,10.0,4.01,False,False,-110,agg
2017,R64,Creighton,True,2.09,2.0,-12.0,4.09,False,False,-110,agg
2017,R64,Iona,False,11.46,-15.5,16.0,4.04,False,False,-110,agg
2017,R64,Michigan,True,5.4,-2.5,1.0,2.9,False,False,-110,agg
2017,R64,Jacksonville St.,False,17.68,-18.5,15.0,0.82,True,False,-110,agg
2017,R32,Kansas,True,8.49,-8.0,20.0,0.49,True,False,-110,agg
2017,R32,Purdue,True,1.27,-1.0,4.0,0.27,True,False,-110,agg
2017,R32,Oregon,True,8.29,-5.0,3.0,3.29,False,False,-110,agg
2017,R32,Michigan,False,-1.59,-3.0,-4.0,4.59,True,False,-110,agg
2017,S16,Purdue,False,4.22,-5.5,32.0,1.28,False,False,-110,agg
2017,S16,Michigan,False,-0.09,0.0,1.0,0.09,False,False,-110,agg
2017,E8,Oregon,False,0.65,-6.5,-14.0,5.85,True,False,-110,agg
2017,R64,Gonzaga,True,25.07,-23.0,20.0,2.07,False,False,-110,agg
2017,R64,Northwestern,True,-0.88,2.0,2.0,1.12,True,False,-110,agg
2017,R64,Notre Dame,True,12.5,-6.0,2.0,6.5,False,False,-110,agg
2017,R64,Bucknell,False,10.46,-13.0,6.0,2.54,True,False,-110,agg
2017,R64,Xavier,False,-6.12,-2.0,-11.0,8.12,True,False,-110,agg
2017,R64,Florida Gulf Coast,False,6.11,-11.0,6.0,4.89,True,False,-110,agg
2017,R64,Saint Mary's,True,8.69,-4.0,8.0,4.69,True,False,-110,agg
2017,R64,North Dakota,False,18.04,-18.5,18.0,0.46,True,False,-110,agg
2017,R32,Northwestern,False,10.15,-10.5,6.0,0.35,True,False,-110,agg
2017,R32,Notre Dame,False,2.21,-2.5,12.0,0.29,False,False,-110,agg
2017,R32,Xavier,False,-1.3,-7.5,-25.0,8.8,True,False,-110,agg
2017,R32,Saint Mary's,False,1.34,-5.5,9.0,4.16,False,False,-110,agg
2017,S16,Gonzaga,True,4.76,-3.0,3.0,1.76,False,True,-110,agg
2017,S16,Xavier,False,4.51,-7.5,-2.0,2.99,True,False,-110,agg
2017,E8,Xavier,False,7.14,-8.5,24.0,1.36,False,False,-110,agg
2017,R64,Mount St. Mary's,False,23.05,-25.0,20.0,1.95,True,False,-110,agg
2017,R64,Wisconsin,True,6.47,-6.0,10.0,0.47,True,False,-110,agg
2017,R64,UNC Wilmington,False,4.97,-7.5,5.0,2.53,True,False,-110,agg
2017,R64,East Tennessee St.,False,7.66,-9.5,15.0,1.84,False,False,-110,agg
2017,R64,USC,False,5.73,-7.5,-1.0,1.77,True,False,-110,agg
2017,R64,New Mexico St.,False,6.46,-11.5,18.0,5.04,False,False,-110,agg
2017,R64,South Carolina,True,4.96,1.0,20.0,5.96,True,False,-110,agg
2017,R64,Troy,False,15.28,-19.5,22.0,4.22,False,False,-110,agg
2017,R32,Villanova,True,5.64,-5.5,-3.0,0.14,False,False,-110,agg
2017,R32,Florida,True,2.08,-1.5,26.0,0.58,True,False,-110,agg
2017,R32,Baylor,True,6.42,-5.0,4.0,1.42,False,False,-110,agg
2017,R32,South Carolina,False,2.15,-6.5,-7.0,4.35,True,False,-110,agg
2017,S16,Wisconsin,False,-1.16,-1.0,1.0,2.16,False,True,-110,agg
2017,S16,South Carolina,False,1.73,-3.0,-20.0,1.27,True,False,-110,agg
2017,E8,Florida,True,4.32,-3.0,-7.0,1.32,False,False,-110,agg
2017,F4,Gonzaga,False,-0.23,-1.5,6.0,1.73,False,False,-110,agg
2018,R64,Kansas,True,14.81,-13.5,16.0,1.31,True,False,-110,agg
2018,R64,Seton Hall,True,5.09,-3.5,11.0,1.59,True,False,-110,agg
2018,R64,Clemson,True,5.57,-3.5,11.0,2.07,True,False,-110,agg
2018,R64,Auburn,True,9.97,-9.5,4.0,0.47,False,False,-110,agg
2018,R64,Syracuse,False,-3.42,-4.5,-5.0,7.92,True,False,-110,agg
2018,R64,Bucknell,False,10.85,-14.5,4.0,3.65,True,False,-110,agg
2018,R64,Oklahoma,False,-0.64,-1.5,5.0,2.14,False,False,-110,agg
2018,R64,Iona,False,20.8,-21.0,22.0,0.2,False,False,-110,agg
2018,R32,Kansas,True,7.02,-4.5,4.0,2.52,False,False,-110,agg
2018,R32,Clemson,False,-3.26,-1.5,-31.0,4.76,True,False,-110,agg
2018,R32,Syracuse,False,6.51,-10.0,-2.0,3.49,True,False,-110,agg
2018,R32,Duke,True,9.99,-9.5,25.0,0.49,True,False,-110,agg
2018,S16,Kansas,True,7.64,-5.0,4.0,2.64,False,False,-110,agg
2018,S16,Syracuse,False,10.9,-11.0,4.0,0.1,True,False,-110,agg
2018,E8,Kansas,True,1.15,3.5,4.0,4.65,True,False,-110,agg
2018,R64,Villanova,True,24.65,-22.5,26.0,2.15,True,False,-110,agg
2018,R64,Alabama,False,0.02,-2.5,-3.0,2.48,True,False,-110,agg
2018,R64,West Virginia,True,11.76,-10.0,17.0,1.76,True,False,-110,agg
2018,R64,Marshall,False,6.87,-13.5,-6.0,6.63,True,False,-110,agg
2018,R64,St. Bonaventure,False,5.72,-6.0,15.0,0.28,False,False,-110,agg
2018,R64,Stephen F. Austin,False,6.92,-11.0,10.0,4.08,True,False,-110,agg
2018,R64,Arkansas,True,-1.66,2.0,-17.0,0.34,False,False,-110,agg
2018,R64,Purdue,True,22.75,-20.5,26.0,2.25,True,False,-110,agg
2018,R32,Villanova,True,11.99,-11.5,23.0,0.49,True,False,-110,agg
2018,R32,Marshall,False,11.17,-12.5,23.0,1.33,False,False,-110,agg
2018,R32,Texas Tech,True,4.44,-1.0,3.0,3.44,True,False,-110,agg
2018,R32,Purdue,True,5.28,-4.0,3.0,1.28,False,False,-110,agg
2018,S16,Villanova,True,7.27,-5.5,12.0,1.77,True,False,-110,agg
2018,S16,Texas Tech,False,0.87,-2.0,-13.0,1.13,True,False,-110,agg
2018,E8,Villanova,True,7.48,-6.5,12.0,0.98,True,False,-110,agg
2018,R64,Texas Southern,False,19.47,-19.5,19.0,0.03,True,False,-110,agg
2018,R64,Florida St.,False,-3.5,1.0,-13.0,2.5,True,False,-110,agg
2018,R64,South Dakota St.,False,3.72,-8.0,8.0,4.28,False,True,-110,agg
2018,R64,UNC Greensboro,False,10.52,-12.5,4.0,1.98,True,False,-110,agg
2018,R64,Houston,True,6.34,-4.0,2.0,2.34,False,False,-110,agg
2018,R64,Michigan,True,12.82,-10.0,14.0,2.82,True,False,-110,agg
2018,R64,Texas A&M,True,4.84,-2.5,4.0,2.34,True,False,-110,agg
2018,R64,Lipscomb,False,16.99,-22.0,18.0,5.01,True,False,-110,agg
2018,R32,Florida St.,False,4.97,-5.5,-5.0,0.53,True,False,-110,agg
2018,R32,Ohio St.,False,3.92,-4.5,6.0,0.58,False,False,-110,agg
2018,R32,Michigan,True,7.37,-4.0,1.0,3.37,False,False,-110,agg
2018,R32,Texas A&M,False,7.42,-7.5,-21.0,0.08,True,False,-110,agg
2018,S16,Florida St.,False,4.66,-6.0,-15.0,1.34,True,False,-110,agg
2018,S16,Michigan,True,5.81,-2.5,27.0,3.31,True,False,-110,agg
2018,E8,Michigan,True,7.83,-4.5,4.0,3.33,False,False,-110,agg
2018,R64,UMBC,False,19.04,-21.0,-20.0,1.96,True,False,-110,agg
2018,R64,Kansas St.,False,-2.24,-2.5,-10.0,4.74,True,False,-110,agg
2018,R64,Kentucky,True,8.03,-4.5,5.0,3.53,True,False,-110,agg
2018,R64,Buffalo,False,5.75,-9.0,-21.0,3.25,True,False,-110,agg
2018,R64,Loyola Chicago,False,0.75,-1.5,-2.0,0.75,True,False,-110,agg
2018,R64,Tennessee,True,14.37,-11.5,26.0,2.87,True,False,-110,agg
2018,R64,Texas,False,-0.58,-0.0,4.0,0.58,False,False,-110,agg
2018,R64,Georgia St.,False,11.42,-14.0,15.0,2.58,False,False,-110,agg
2018,R32,UMBC,False,7.07,-10.0,7.0,2.93,True,False,-110,agg
2018,R32,Kentucky,True,8.64,-5.5,20.0,3.14,True,False,-110,agg
2018,R32,Loyola Chicago,False,3.19,-5.0,-1.0,1.81,True,False,-110,agg
2018,R32,Nevada,False,4.29,-8.5,-2.0,4.21,True,False,-110,agg
2018,S16,Kansas St.,False,3.27,-5.5,-3.0,2.23,True,False,-110,agg
2018,S16,Loyola Chicago,False,-0.84,-1.5,-1.0,2.34,True,False,-110,agg
2018,E8,Loyola Chicago,False,1.16,-1.5,-16.0,0.34,True,False,-110,agg
2018,Championship,Michigan,False,6.08,-6.5,17.0,0.42,False,False,-110,agg
2019,R64,Iona,False,24.07,-24.5,15.0,0.43,True,False,-110,agg
2019,R64,Washington,False,-0.69,-3.5,-17.0,4.19,True,False,-110,agg
2019,R64,Auburn,True,6.7,-6.0,1.0,0.7,False,False,-110,agg
2019,R64,Kansas,True,15.11,-6.5,34.0,8.61,True,False,-110,agg
2019,R64,Iowa St.,True,6.59,-5.5,-3.0,1.09,False,False,-110,agg
2019,R64,Georgia St.,False,11.77,-12.5,29.0,0.73,False,False,-110,agg
2019,R64,Wofford,True,7.52,-3.5,16.0,4.02,True,False,-110,agg
2019,R64,Kentucky,True,30.74,-20.0,35.0,10.74,True,False,-110,agg
2019,R32,Washington,False,9.82,-11.5,22.0,1.68,False,False,-110,agg
2019,R32,Auburn,False,-3.77,2.5,-14.0,1.27,True,False,-110,agg
2019,R32,Houston,True,7.74,-6.5,15.0,1.24,True,False,-110,agg
2019,R32,Wofford,False,5.1,-5.5,6.0,0.4,False,False,-110,agg
2019,S16,Auburn,False,-4.43,-5.5,-17.0,9.93,True,False,-110,agg
2019,S16,Houston,False,-0.17,-2.0,4.0,2.17,False,False,-110,agg
2019,E8,Auburn,False,-2.12,-4.5,-6.0,6.62,True,False,-110,agg
2019,R64,Gardner Webb,False,21.05,-22.5,15.0,1.45,True,False,-110,agg
2019,R64,Oklahoma,False,-5.4,-1.0,-23.0,6.4,True,False,-110,agg
2019,R64,Oregon,False,-0.6,-1.5,-18.0,2.1,True,False,-110,agg
2019,R64,Kansas St.,True,6.15,-4.0,-6.0,2.15,False,False,-110,agg
2019,R64,Saint Mary's,False,1.1,-3.5,4.0,2.4,False,False,-110,agg
2019,R64,Old Dominion,False,8.22,-12.5,13.0,4.28,False,False,-110,agg
2019,R64,Cincinnati,True,5.37,-4.5,-7.0,0.87,False,False,-110,agg
2019,R64,Colgate,False,16.74,-17.5,7.0,0.76,True,False,-110,agg
2019,R32,Oklahoma,False,9.76,-10.5,12.0,0.74,False,False,-110,agg
2019,R32,Oregon,True,5.81,-4.5,19.0,1.31,True,False,-110,agg
2019,R32,Purdue,True,3.81,-3.0,26.0,0.81,True,False,-110,agg
2019,R32,Tennessee,True,9.54,-8.0,6.0,1.54,False,False,-110,agg
2019,S16,Oregon,False,7.47,-8.5,4.0,1.03,True,False,-110,agg
2019,S16,Tennessee,True,3.51,-1.5,-5.0,2.01,False,False,-110,agg
2019,E8,Purdue,False,4.19,-4.5,5.0,0.31,False,False,-110,agg
2019,R64,Gonzaga,True,38.41,-28.5,38.0,9.91,True,False,-110,agg
2019,R64,Baylor,False,-0.91,-2.5,-9.0,3.41,True,False,-110,agg
2019,R64,Marquette,True,3.13,-3.0,-19.0,0.13,False,False,-110,agg
2019,R64,Florida St.,True,8.69,-8.5,7.0,0.19,False,False,-110,agg
2019,R64,Arizona St.,False,5.81,-6.0,17.0,0.19,False,False,-110,agg
2019,R64,Texas Tech,True,19.34,-13.5,15.0,5.84,True,False,-110,agg
2019,R64,Florida,False,-3.83,-3.0,-9.0,6.83,True,False,-110,agg
2019,R64,Michigan,True,23.11,-15.5,19.0,7.61,True,False,-110,agg
2019,R32,Gonzaga,True,14.77,-14.0,12.0,0.77,False,False,-110,agg
2019,R32,Florida St.,True,7.89,-4.0,28.0,3.89,True,False,-110,agg
2019,R32,Buffalo,False,3.83,-4.0,20.0,0.17,False,False,-110,agg
2019,R32,Michigan,True,6.12,-6.0,15.0,0.12,True,False,-110,agg
2019,S16,Florida St.,False,1.83,-7.5,14.0,5.67,False,False,-110,agg
2019,S16,Texas Tech,False,-1.07,-2.0,-19.0,3.07,True,False,-110,agg
2019,E8,Texas Tech,False,-0.81,-5.0,-6.0,5.81,True,False,-110,agg
2019,R64,North Dakota St.,False,26.77,-27.5,23.0,0.73,True,False,-110,agg
2019,R64,UCF,False,-2.99,1.5,-15.0,1.49,True,False,-110,agg
2019,R64,Liberty,False,5.16,-6.5,-4.0,1.34,True,False,-110,agg
2019,R64,Virginia Tech,True,13.38,-10.0,14.0,3.38,True,False,-110,agg
2019,R64,Belmont,False,1.36,-3.5,2.0,2.14,True,False,-110,agg
2019,R64,LSU,True,8.61,-7.0,5.0,1.61,False,False,-110,agg
2019,R64,Minnesota,False,-1.52,-5.0,-10.0,6.52,True,False,-110,agg
2019,R64,Bradley,False,14.8,-17.5,11.0,2.7,True,False,-110,agg
2019,R32,UCF,False,8.89,-13.0,1.0,4.11,True,False,-110,agg
2019,R32,Liberty,False,7.74,-9.5,9.0,1.76,True,False,-110,agg
2019,R32,LSU,True,3.03,-3.0,2.0,0.03,False,False,-110,agg
2019,R32,Michigan St.,True,12.47,-10.5,20.0,1.97,True,False,-110,agg
2019,S16,Virginia Tech,False,5.05,-7.5,2.0,2.45,True,False,-110,agg
2019,S16,Michigan St.,True,6.55,-6.0,17.0,0.55,True,False,-110,agg
2019,E8,Michigan St.,False,0.03,-2.5,-1.0,2.47,True,False,-110,agg
2019,Championship,Virginia,True,3.21,-2.0,8.0,1.21,True,False,-110,agg
2021,R64,Drexel,False,20.64,-22.5,29.0,1.86,False,False,-110,agg
2021,R64,Georgia Tech,False,3.54,-5.5,11.0,1.96,False,False,-110,agg
2021,R64,Oregon St.,False,0.6,-9.0,-14.0,8.4,True,False,-110,agg
2021,R64,Oklahoma St.,True,7.83,-7.0,9.0,0.83,True,False,-110,agg
2021,R64,Syracuse,False,0.62,-3.0,-16.0,2.38,True,False,-110,agg
2021,R64,West Virginia,True,16.3,-13.0,17.0,3.3,True,False,-110,agg
2021,R64,Clemson,True,-2.5,2.5,-4.0,0.0,False,False,-110,agg
2021,R64,Cleveland St.,False,19.8,-20.5,31.0,0.7,False,False,-110,agg
2021,R32,Loyola Chicago,False,2.67,-7.0,-13.0,4.33,True,False,-110,agg
2021,R32,Oregon St.,False,0.45,-6.0,-10.0,5.55,True,False,-110,agg
2021,R32,Syracuse,False,2.2,-4.0,-3.0,1.8,True,False,-110,agg
2021,R32,Rutgers,False,6.0,-7.5,3.0,1.5,True,False,-110,agg
2021,S16,Oregon St.,False,5.17,-7.0,-7.0,1.83,True,False,-110,agg
2021,S16,Houston,True,6.9,-6.5,16.0,0.4,True,False,-110,agg
2021,E8,Houston,True,8.72,-8.0,6.0,0.72,False,False,-110,agg
2021,R64,Baylor,True,27.0,-25.5,24.0,1.5,False,False,-110,agg
2021,R64,Wisconsin,False,-3.15,-2.0,-23.0,5.15,True,False,-110,agg
2021,R64,Villanova,True,9.38,-6.5,10.0,2.88,True,False,-110,agg
2021,R64,North Texas,False,5.72,-7.5,-9.0,1.78,True,False,-110,agg
2021,R64,Texas Tech,True,4.26,-4.0,12.0,0.26,True,False,-110,agg
2021,R64,Arkansas,True,9.81,-8.5,17.0,1.31,True,False,-110,agg
2021,R64,Florida,True,2.0,1.5,5.0,3.5,True,False,-110,agg
2021,R64,Oral Roberts,False,13.25,-15.0,-3.0,1.75,True,False,-110,agg
2021,R32,Wisconsin,False,5.31,-6.5,13.0,1.19,False,False,-110,agg
2021,R32,Villanova,True,8.57,-6.0,23.0,2.57,True,False,-110,agg
2021,R32,Arkansas,True,2.04,2.0,2.0,4.04,True,False,-110,agg
2021,R32,Oral Roberts,False,6.79,-9.0,-3.0,2.21,True,False,-110,agg
2021,S16,Villanova,False,5.37,-8.0,11.0,2.63,False,False,-110,agg
2021,S16,Oral Roberts,False,10.1,-11.0,2.0,0.9,True,False,-110,agg
2021,E8,Arkansas,False,4.79,-8.0,9.0,3.21,False,False,-110,agg
2021,R64,Michigan,True,25.15,-25.0,16.0,0.15,False,False,-110,agg
2021,R64,LSU,True,4.3,-2.0,15.0,2.3,True,False,-110,agg
2021,R64,Colorado,True,6.09,-6.0,23.0,0.09,True,False,-110,agg
2021,R64,Florida St.,True,12.15,-10.5,10.0,1.65,False,False,-110,agg
2021,R64,UCLA,False,-4.84,-3.5,-11.0,8.34,True,False,-110,agg
2021,R64,Texas,True,8.89,-8.5,-1.0,0.39,False,False,-110,agg
2021,R64,Maryland,False,-2.75,-3.5,-9.0,6.25,True,False,-110,agg
2021,R64,Iona,False,14.95,-16.5,13.0,1.55,True,False,-110,agg
2021,R32,Michigan,True,5.78,-4.5,8.0,1.28,True,False,-110,agg
2021,R32,Colorado,False,-4.01,0.0,18.0,4.01,False,False,-110,agg
2021,R32,UCLA,True,10.64,-5.5,20.0,5.14,True,False,-110,agg
2021,R32,Maryland,False,5.28,-6.5,19.0,1.22,False,False,-110,agg
2021,S16,Michigan,True,4.07,-1.5,18.0,2.57,True,False,-110,agg
2021,S16,UCLA,False,2.26,-7.0,-10.0,4.74,True,False,-110,agg
2021,E8,UCLA,False,-0.56,-6.5,-2.0,7.06,True,False,-110,agg
2021,R64,Norfolk St.,False,32.15,-33.0,43.0,0.85,False,False,-110,agg
2021,R64,Missouri,False,-4.09,1.5,4.0,2.59,False,False,-110,agg
2021,R64,UC Santa Barbara,False,5.49,-7.5,1.0,2.01,True,False,-110,agg
2021,R64,Ohio,False,3.48,-6.5,-4.0,3.02,True,False,-110,agg
2021,R64,USC,True,7.63,-7.5,16.0,0.13,True,False,-110,agg
2021,R64,Eastern Washington,False,7.3,-10.5,9.0,3.2,True,False,-110,agg
2021,R64,Grand Canyon,False,12.9,-13.5,12.0,0.6,True,False,-110,agg
2021,R32,Oklahoma,False,12.28,-15.5,16.0,3.22,False,False,-110,agg
2021,R32,Creighton,True,7.71,-5.5,14.0,2.21,True,False,-110,agg
2021,R32,USC,False,-3.49,1.5,-34.0,1.99,True,False,-110,agg
2021,R32,Oregon,False,3.88,-4.5,-15.0,0.62,True,False,-110,agg
2021,S16,Creighton,False,7.2,-12.5,18.0,5.3,False,False,-110,agg
2021,S16,USC,True,7.58,-2.5,14.0,5.08,True,False,-110,agg
2021,E8,USC,False,4.7,-8.5,19.0,3.8,False,False,-110,agg
2021,F4,Baylor,True,-2.01,4.5,16.0,2.49,True,False,-110,agg
